CustomerID,Gender,SeniorCitizen,Partner,Dependents,Tenure,PhoneService,InternetService,MonthlyCharges,TotalCharges,Churn
CUST0001,Male,0,Yes,No,14,Yes,DSL,47.24,4987.31,No
CUST0002,Female,0,No,No,50,Yes,No,64.51,2301.7,No
CUST0003,Male,0,No,No,17,Yes,Fiber optic,31.12,1713.75,Yes
CUST0004,Male,0,Yes,No,70,Yes,No,22.87,7868.95,No
CUST0005,Male,0,Yes,No,5,Yes,Fiber optic,93.2,3723.1,Yes
CUST0006,Male,1,Yes,Yes,43,Yes,No,92.41,4203.42,No
CUST0007,Male,0,No,No,64,No,DSL,89.43,5252.69,Yes
CUST0008,Female,1,Yes,No,35,Yes,No,108.45,698.31,No
CUST0009,Female,0,Yes,No,15,Yes,Fiber optic,48.66,3232.6,Yes
CUST0010,Male,0,Yes,Yes,56,Yes,No,62.36,7252.88,No
CUST0011,Female,0,Yes,No,70,No,Fiber optic,45.06,7551.42,Yes
CUST0012,Female,0,Yes,Yes,11,No,No,82.53,4012.57,No
CUST0013,Male,1,Yes,Yes,30,Yes,No,83.7,7148.48,No
CUST0014,Female,0,No,No,67,Yes,Fiber optic,60.78,4042.38,No
CUST0015,Male,0,No,No,9,Yes,DSL,113.51,7886.32,No
CUST0016,Female,0,No,Yes,15,Yes,DSL,68.85,6318.79,Yes
CUST0017,Male,0,No,No,7,No,DSL,111.76,6659.45,No
CUST0018,Female,0,No,Yes,4,No,No,93.05,1572.81,No
CUST0019,Female,0,Yes,No,32,Yes,Fiber optic,113.87,135.45,Yes
CUST0020,Male,0,No,No,12,Yes,No,95.77,4089.11,No
CUST0021,Male,0,Yes,No,30,Yes,Fiber optic,42.47,7864.16,Yes
CUST0022,Male,0,Yes,No,27,Yes,DSL,88.97,7741.34,No
CUST0023,Female,0,Yes,Yes,8,Yes,No,43.84,4952.07,No
CUST0024,Female,0,Yes,Yes,27,No,No,49.06,1558.78,No
CUST0025,Female,0,Yes,Yes,70,Yes,DSL,42.14,170.9,No
CUST0026,Male,0,Yes,No,49,Yes,Fiber optic,69.64,4022.29,No
CUST0027,Female,0,Yes,Yes,51,Yes,No,63.4,2485.39,Yes
CUST0028,Male,0,No,No,33,Yes,DSL,110.71,2760.63,No
CUST0029,Male,0,No,Yes,24,Yes,Fiber optic,79.31,6682.85,No
CUST0030,Male,0,Yes,No,23,No,No,55.98,805.82,No
CUST0031,Male,1,No,Yes,24,Yes,DSL,82.34,816.53,No
CUST0032,Female,0,Yes,No,62,Yes,No,54.15,3596.85,Yes
CUST0033,Female,0,No,Yes,41,Yes,Fiber optic,103.63,3366.16,Yes
CUST0034,Female,0,Yes,Yes,31,Yes,DSL,28.91,604.69,No
CUST0035,Male,0,No,No,3,Yes,No,41.87,4409.45,Yes
CUST0036,Male,0,No,No,20,Yes,DSL,29.41,3513.03,Yes
CUST0037,Female,1,No,Yes,28,Yes,DSL,106.72,7945.16,No
CUST0038,Male,1,Yes,Yes,37,Yes,DSL,47.21,622.08,No
CUST0039,Male,0,Yes,No,5,Yes,Fiber optic,119.47,1027.61,Yes
CUST0040,Female,1,No,Yes,16,Yes,DSL,35.19,1351.55,No
CUST0041,Male,0,No,Yes,23,Yes,Fiber optic,52.42,2666.4,No
CUST0042,Female,1,No,Yes,6,No,DSL,109.33,5349.53,No
CUST0043,Male,0,No,No,62,No,DSL,83.54,7735.39,Yes
CUST0044,Female,1,No,Yes,7,Yes,No,69.48,7270.77,Yes
CUST0045,Female,0,Yes,No,62,Yes,Fiber optic,36.38,3592.63,No
CUST0046,Female,1,Yes,No,18,Yes,Fiber optic,99.09,660.29,No
CUST0047,Male,0,Yes,No,41,Yes,Fiber optic,53.3,5195.01,No
CUST0048,Male,0,No,Yes,46,No,DSL,95.31,3399.66,No
CUST0049,Male,0,Yes,No,3,Yes,Fiber optic,78.28,284.37,No
CUST0050,Male,0,No,No,51,Yes,No,81.67,6557.26,No
CUST0051,Female,0,No,No,7,Yes,Fiber optic,52.53,4281.12,No
CUST0052,Female,0,No,No,1,Yes,No,27.5,3559.19,No
CUST0053,Male,0,Yes,No,70,Yes,Fiber optic,79.53,5816.8,Yes
CUST0054,Male,0,No,No,64,No,No,94.35,6879.61,No
CUST0055,Female,0,No,No,30,Yes,DSL,77.61,7464.65,No
CUST0056,Male,1,No,Yes,67,Yes,DSL,80.12,2719.82,No
CUST0057,Female,0,No,No,51,Yes,Fiber optic,89.74,1552.22,No
CUST0058,Male,0,No,Yes,5,Yes,DSL,24.48,2709.44,Yes
CUST0059,Male,0,No,No,43,No,No,42.37,7812.81,Yes
CUST0060,Female,0,No,No,23,Yes,Fiber optic,81.39,877.98,No
CUST0061,Male,0,Yes,No,56,Yes,DSL,33.56,7607.27,No
CUST0062,Female,0,No,No,27,Yes,Fiber optic,47.03,4985.89,Yes
CUST0063,Male,0,No,No,4,Yes,No,24.5,176.49,Yes
CUST0064,Female,0,No,Yes,69,Yes,Fiber optic,41.53,6887.25,No
CUST0065,Male,0,Yes,Yes,33,Yes,Fiber optic,21.16,5481.34,No
CUST0066,Male,1,No,No,71,Yes,DSL,101.83,1242.55,No
CUST0067,Male,0,No,No,20,No,No,78.78,2796.67,No
CUST0068,Male,1,Yes,No,35,Yes,No,74.67,6995.77,No
CUST0069,Female,0,Yes,Yes,48,Yes,DSL,20.56,5856.23,Yes
CUST0070,Male,0,No,No,17,Yes,No,105.01,2617.39,No
CUST0071,Male,0,Yes,No,7,Yes,Fiber optic,20.01,6374.29,No
CUST0072,Female,0,Yes,No,48,Yes,DSL,98.73,2112.97,No
CUST0073,Female,1,No,Yes,40,Yes,Fiber optic,41.9,4440.4,Yes
CUST0074,Female,0,Yes,No,34,Yes,DSL,102.02,7475.17,Yes
CUST0075,Female,0,Yes,Yes,11,Yes,DSL,32.91,3546.14,No
CUST0076,Male,0,Yes,Yes,16,Yes,Fiber optic,74.73,4494.36,No
CUST0077,Male,0,Yes,No,19,Yes,DSL,22.95,6231.94,No
CUST0078,Male,1,No,No,9,Yes,DSL,75.47,1709.52,No
CUST0079,Male,0,No,Yes,29,Yes,Fiber optic,33.3,3647.56,Yes
CUST0080,Female,1,No,No,2,No,DSL,100.61,7368.43,No
CUST0081,Female,0,No,Yes,40,Yes,Fiber optic,43.62,5249.56,No
CUST0082,Male,1,No,No,56,Yes,No,31.59,5640.91,No
CUST0083,Male,0,Yes,No,7,Yes,No,23.04,7701.73,Yes
CUST0084,Male,0,No,No,57,No,Fiber optic,77.41,4752.34,Yes
CUST0085,Male,0,Yes,No,36,Yes,DSL,86.2,6977.25,No
CUST0086,Female,0,No,No,23,Yes,Fiber optic,109.48,7940.17,No
CUST0087,Male,0,No,No,28,Yes,No,26.18,5442.46,Yes
CUST0088,Female,0,No,Yes,36,Yes,Fiber optic,59.19,5509.76,No
CUST0089,Female,0,No,No,9,Yes,Fiber optic,36.31,1530.13,No
CUST0090,Male,0,No,Yes,67,Yes,No,70.22,3758.26,No
CUST0091,Female,1,Yes,No,60,No,Fiber optic,43.84,5928.86,Yes
CUST0092,Female,1,Yes,Yes,55,Yes,Fiber optic,61.1,2806.38,No
CUST0093,Female,0,No,Yes,10,Yes,Fiber optic,56.86,1022.98,No
CUST0094,Male,0,No,Yes,36,Yes,Fiber optic,89.0,265.3,Yes
CUST0095,Female,0,No,Yes,1,Yes,Fiber optic,94.19,5382.96,No
CUST0096,Female,0,No,No,65,Yes,No,62.47,362.87,No
CUST0097,Female,0,Yes,No,27,Yes,DSL,44.4,3957.18,No
CUST0098,Male,0,Yes,Yes,31,Yes,Fiber optic,99.47,7073.41,No
CUST0099,Male,1,No,No,67,Yes,No,104.8,6609.56,No
CUST0100,Male,0,No,No,43,Yes,Fiber optic,74.0,5783.11,No
CUST0101,Female,0,Yes,No,33,Yes,No,44.96,6892.03,No
CUST0102,Male,1,Yes,Yes,6,Yes,Fiber optic,98.39,6012.64,No
CUST0103,Male,0,No,Yes,26,Yes,DSL,55.6,243.51,Yes
CUST0104,Female,0,Yes,Yes,43,Yes,Fiber optic,111.87,3822.64,Yes
CUST0105,Female,0,No,No,52,Yes,DSL,46.67,215.96,Yes
CUST0106,Female,0,No,Yes,24,Yes,Fiber optic,114.03,4485.05,No
CUST0107,Male,0,Yes,No,20,Yes,DSL,62.79,1965.75,Yes
CUST0108,Female,0,No,Yes,52,Yes,No,95.33,3584.75,No
CUST0109,Female,0,No,Yes,52,Yes,No,40.89,1711.76,No
CUST0110,Male,0,No,Yes,42,Yes,Fiber optic,82.48,6572.17,Yes
CUST0111,Male,0,No,Yes,54,Yes,DSL,78.22,1556.13,No
CUST0112,Female,0,No,Yes,64,Yes,Fiber optic,62.03,2678.3,No
CUST0113,Female,0,No,No,29,Yes,Fiber optic,93.54,219.89,No
CUST0114,Male,0,No,No,29,Yes,Fiber optic,101.8,2545.71,No
CUST0115,Female,0,No,Yes,41,Yes,No,92.73,307.26,No
CUST0116,Female,0,Yes,Yes,54,Yes,Fiber optic,101.31,3654.89,No
CUST0117,Female,0,Yes,Yes,47,Yes,No,94.52,312.97,Yes
CUST0118,Female,0,No,No,16,No,Fiber optic,34.96,3166.53,No
CUST0119,Female,0,Yes,No,68,No,No,97.24,4891.68,Yes
CUST0120,Female,0,No,Yes,54,No,Fiber optic,39.07,7289.15,Yes
CUST0121,Female,1,Yes,Yes,44,No,Fiber optic,29.92,4473.92,No
CUST0122,Male,0,Yes,No,64,Yes,No,110.16,4169.22,Yes
CUST0123,Female,0,Yes,No,54,Yes,No,79.82,472.97,No
CUST0124,Female,0,No,Yes,11,Yes,DSL,37.65,3056.62,No
CUST0125,Female,0,No,No,1,Yes,Fiber optic,83.62,3209.41,No
CUST0126,Female,0,Yes,No,47,No,Fiber optic,53.28,2656.97,No
CUST0127,Male,0,Yes,No,72,No,DSL,34.15,7124.86,No
CUST0128,Male,0,No,No,6,Yes,No,99.95,3226.47,No
CUST0129,Male,0,Yes,Yes,53,Yes,No,31.0,1766.34,No
CUST0130,Female,0,Yes,No,15,Yes,DSL,116.25,6301.63,No
CUST0131,Female,0,No,No,39,Yes,Fiber optic,97.19,6518.95,No
CUST0132,Male,1,Yes,Yes,52,Yes,DSL,91.22,2828.74,No
CUST0133,Male,0,No,Yes,47,Yes,No,43.91,6588.83,Yes
CUST0134,Female,0,Yes,Yes,69,Yes,No,95.96,5674.75,Yes
CUST0135,Female,0,No,Yes,67,Yes,No,22.25,969.05,Yes
CUST0136,Male,0,No,No,40,Yes,DSL,75.39,3008.29,No
CUST0137,Male,0,No,Yes,60,No,Fiber optic,51.07,6831.42,No
CUST0138,Male,0,Yes,Yes,59,Yes,No,103.23,3046.27,No
CUST0139,Female,0,Yes,Yes,61,Yes,Fiber optic,96.13,6934.12,Yes
CUST0140,Male,0,Yes,Yes,50,Yes,No,68.78,3619.12,No
CUST0141,Female,0,Yes,Yes,29,Yes,No,67.24,4560.51,Yes
CUST0142,Female,0,No,No,24,Yes,No,27.32,3176.17,No
CUST0143,Male,1,Yes,No,51,Yes,No,43.47,4945.63,No
CUST0144,Male,0,Yes,No,32,Yes,Fiber optic,90.72,4239.8,No
CUST0145,Female,0,Yes,Yes,53,Yes,DSL,26.56,6755.76,No
CUST0146,Male,0,Yes,Yes,70,Yes,No,98.73,7742.14,No
CUST0147,Female,0,Yes,No,22,Yes,Fiber optic,117.96,2384.63,No
CUST0148,Female,0,No,No,16,Yes,No,27.91,1318.76,No
CUST0149,Female,0,Yes,Yes,42,Yes,DSL,65.79,2687.51,Yes
CUST0150,Female,0,No,Yes,28,Yes,No,77.9,5728.54,No
CUST0151,Male,0,Yes,No,72,Yes,No,101.29,1764.89,No
CUST0152,Female,0,Yes,Yes,43,Yes,DSL,35.01,2643.23,No
CUST0153,Male,1,No,No,18,Yes,No,56.01,7486.29,No
CUST0154,Female,0,No,Yes,67,Yes,Fiber optic,103.56,6051.62,No
CUST0155,Male,1,No,Yes,13,Yes,No,71.82,7632.93,No
CUST0156,Male,0,No,No,31,Yes,DSL,36.35,784.9,No
CUST0157,Female,0,Yes,Yes,29,No,DSL,106.94,3950.38,No
CUST0158,Female,0,Yes,Yes,15,Yes,No,113.61,7246.54,No
CUST0159,Male,0,Yes,Yes,30,Yes,No,93.97,3571.63,Yes
CUST0160,Female,0,No,No,13,Yes,No,117.37,5545.75,Yes
CUST0161,Female,0,No,Yes,44,Yes,No,112.65,1445.06,No
CUST0162,Female,0,Yes,Yes,12,No,DSL,32.14,2049.39,No
CUST0163,Male,1,No,Yes,6,Yes,DSL,60.93,3445.66,No
CUST0164,Female,0,Yes,No,7,No,Fiber optic,79.69,2579.07,No
CUST0165,Female,0,No,No,30,Yes,No,93.24,5186.62,No
CUST0166,Female,0,No,No,32,Yes,DSL,73.51,6628.8,No
CUST0167,Female,0,Yes,No,1,Yes,No,84.92,2928.94,Yes
CUST0168,Male,0,Yes,Yes,49,Yes,Fiber optic,31.68,6129.44,No
CUST0169,Male,0,No,Yes,44,Yes,DSL,60.63,2313.27,No
CUST0170,Female,1,No,No,12,Yes,DSL,20.69,3284.38,Yes
CUST0171,Female,0,Yes,No,57,No,Fiber optic,85.18,380.97,Yes
CUST0172,Male,0,No,Yes,39,Yes,Fiber optic,36.45,1242.46,No
CUST0173,Male,1,No,No,70,Yes,Fiber optic,60.4,988.23,No
CUST0174,Female,0,Yes,No,63,Yes,No,69.86,4657.77,No
CUST0175,Male,0,Yes,No,39,Yes,No,86.64,5058.44,No
CUST0176,Male,1,Yes,Yes,24,Yes,Fiber optic,96.32,537.52,No
CUST0177,Male,1,Yes,No,4,No,Fiber optic,91.51,4512.89,No
CUST0178,Female,0,No,Yes,68,Yes,DSL,76.78,6049.9,No
CUST0179,Male,0,No,No,40,Yes,Fiber optic,72.88,4082.6,Yes
CUST0180,Female,0,Yes,Yes,4,Yes,Fiber optic,105.69,3747.27,Yes
CUST0181,Female,0,Yes,Yes,25,Yes,DSL,106.68,5110.85,No
CUST0182,Male,0,Yes,Yes,36,Yes,Fiber optic,26.19,3121.72,No
CUST0183,Male,0,No,No,42,Yes,DSL,47.01,4899.69,Yes
CUST0184,Male,0,Yes,Yes,62,Yes,Fiber optic,112.17,7404.25,Yes
CUST0185,Female,0,Yes,No,38,Yes,Fiber optic,79.27,6853.64,No
CUST0186,Male,0,No,Yes,58,Yes,DSL,33.47,5928.16,Yes
CUST0187,Male,1,Yes,No,4,No,No,27.11,7000.98,No
CUST0188,Female,0,No,No,15,Yes,Fiber optic,29.44,2468.01,Yes
CUST0189,Male,0,No,No,36,Yes,No,96.98,6028.6,No
CUST0190,Male,0,Yes,No,72,No,DSL,42.2,2403.29,Yes
CUST0191,Female,0,No,Yes,57,Yes,Fiber optic,44.3,4179.15,No
CUST0192,Male,0,No,Yes,65,Yes,DSL,33.06,3953.51,No
CUST0193,Male,1,Yes,Yes,5,Yes,DSL,79.97,474.75,No
CUST0194,Female,0,Yes,Yes,13,Yes,No,71.39,4606.03,No
CUST0195,Male,0,Yes,Yes,69,No,Fiber optic,48.15,4088.74,No
CUST0196,Male,1,Yes,No,18,Yes,Fiber optic,85.81,4201.39,No
CUST0197,Male,1,Yes,No,33,Yes,No,97.78,351.6,No
CUST0198,Male,0,Yes,No,66,No,Fiber optic,117.96,3056.14,Yes
CUST0199,Female,0,No,No,23,Yes,Fiber optic,67.87,3443.06,No
CUST0200,Male,0,No,No,3,Yes,No,61.3,5917.01,No
CUST0201,Female,0,No,Yes,30,Yes,Fiber optic,49.22,5902.38,Yes
CUST0202,Female,0,Yes,Yes,63,Yes,No,98.46,3115.06,No
CUST0203,Male,0,Yes,No,30,Yes,No,117.22,3288.98,No
CUST0204,Male,0,Yes,No,50,Yes,DSL,80.04,5715.23,No
CUST0205,Male,1,Yes,No,70,Yes,No,84.23,3414.8,No
CUST0206,Female,0,Yes,No,38,Yes,No,88.91,4892.01,Yes
CUST0207,Male,0,No,No,32,Yes,DSL,62.33,2212.16,Yes
CUST0208,Male,0,Yes,Yes,26,Yes,DSL,42.03,525.26,No
CUST0209,Male,0,No,No,20,Yes,No,45.61,5584.85,Yes
CUST0210,Female,1,Yes,Yes,35,Yes,No,81.72,5383.67,No
CUST0211,Male,0,Yes,No,3,Yes,DSL,83.76,758.59,No
CUST0212,Male,0,Yes,Yes,72,Yes,DSL,66.19,293.01,Yes
CUST0213,Male,0,No,Yes,70,Yes,DSL,24.33,119.38,No
CUST0214,Female,1,No,Yes,67,Yes,DSL,107.72,1126.15,No
CUST0215,Male,0,Yes,Yes,50,Yes,No,44.43,1774.34,Yes
CUST0216,Female,0,No,Yes,30,Yes,Fiber optic,78.1,6870.43,Yes
CUST0217,Female,0,Yes,Yes,68,Yes,Fiber optic,93.87,3523.43,No
CUST0218,Female,0,No,No,60,Yes,Fiber optic,38.43,5252.21,No
CUST0219,Female,0,Yes,No,14,Yes,No,67.33,7761.0,Yes
CUST0220,Male,0,Yes,Yes,66,Yes,No,20.13,3591.95,Yes
CUST0221,Female,0,Yes,Yes,48,Yes,DSL,24.74,6411.73,No
CUST0222,Female,0,Yes,No,21,Yes,No,45.05,3150.26,No
CUST0223,Female,0,No,No,39,Yes,Fiber optic,85.87,5957.6,Yes
CUST0224,Female,0,No,No,63,Yes,No,108.67,2186.24,No
CUST0225,Male,1,No,Yes,39,No,DSL,62.45,7113.83,Yes
CUST0226,Male,0,Yes,Yes,45,Yes,DSL,22.5,512.34,No
CUST0227,Female,0,Yes,Yes,8,No,No,49.27,3673.29,No
CUST0228,Female,0,Yes,No,60,Yes,No,115.7,7909.93,No
CUST0229,Female,0,Yes,Yes,69,Yes,DSL,31.12,1235.49,No
CUST0230,Female,0,No,Yes,24,Yes,No,95.57,900.06,No
CUST0231,Female,0,No,No,22,No,Fiber optic,94.73,2721.9,No
CUST0232,Male,0,No,No,62,Yes,Fiber optic,78.99,1174.86,No
CUST0233,Male,0,No,Yes,52,Yes,DSL,113.09,5454.34,No
CUST0234,Female,0,Yes,No,20,No,No,84.22,4954.02,No
CUST0235,Female,0,Yes,Yes,38,Yes,Fiber optic,116.65,4256.67,No
CUST0236,Female,0,No,No,15,Yes,No,102.61,7765.35,No
CUST0237,Male,0,No,No,1,Yes,Fiber optic,99.4,2596.15,Yes
CUST0238,Female,0,Yes,No,57,Yes,No,115.11,3607.94,Yes
CUST0239,Male,0,Yes,No,1,Yes,DSL,81.7,3760.21,No
CUST0240,Male,0,Yes,Yes,4,No,No,52.23,5670.1,Yes
CUST0241,Male,0,Yes,No,50,Yes,No,30.37,1896.12,No
CUST0242,Female,1,No,Yes,30,Yes,DSL,89.43,6068.72,No
CUST0243,Female,1,Yes,Yes,17,Yes,DSL,72.33,1563.98,No
CUST0244,Female,0,Yes,No,7,Yes,Fiber optic,58.54,7818.65,Yes
CUST0245,Male,0,Yes,Yes,27,Yes,DSL,114.97,7624.2,Yes
CUST0246,Female,1,No,Yes,41,Yes,Fiber optic,111.24,3256.25,No
CUST0247,Male,1,No,Yes,23,Yes,Fiber optic,57.79,7050.82,No
CUST0248,Male,1,No,Yes,48,Yes,Fiber optic,114.55,3215.06,No
CUST0249,Female,0,No,No,30,Yes,DSL,63.2,4375.5,Yes
CUST0250,Female,0,Yes,No,62,Yes,Fiber optic,40.61,6006.74,No
CUST0251,Female,0,Yes,Yes,65,No,Fiber optic,82.07,6092.98,No
CUST0252,Male,0,No,No,26,Yes,DSL,29.42,7098.31,Yes
CUST0253,Female,1,No,Yes,47,Yes,DSL,35.27,3747.97,No
CUST0254,Female,0,No,Yes,61,Yes,Fiber optic,101.43,4790.58,No
CUST0255,Male,1,Yes,No,9,Yes,DSL,101.91,4602.12,Yes
CUST0256,Male,0,Yes,No,20,Yes,DSL,44.06,4093.99,No
CUST0257,Male,0,Yes,No,42,Yes,No,94.69,5587.91,No
CUST0258,Female,0,Yes,Yes,28,Yes,DSL,117.36,2150.72,Yes
CUST0259,Male,1,Yes,No,56,Yes,No,115.78,615.85,No
CUST0260,Female,0,Yes,Yes,18,Yes,No,64.45,4197.73,No
CUST0261,Female,0,Yes,No,26,Yes,DSL,106.39,3484.09,Yes
CUST0262,Male,1,No,Yes,33,Yes,No,75.71,4264.81,No
CUST0263,Male,1,No,Yes,61,Yes,Fiber optic,76.48,4941.91,No
CUST0264,Female,0,Yes,No,64,Yes,Fiber optic,43.93,2982.93,Yes
CUST0265,Female,0,No,Yes,53,No,Fiber optic,58.42,2525.09,No
CUST0266,Female,0,No,Yes,69,Yes,No,41.49,5438.2,Yes
CUST0267,Female,0,No,Yes,70,Yes,No,94.25,3263.83,No
CUST0268,Female,1,No,Yes,68,No,DSL,84.06,6681.76,Yes
CUST0269,Male,0,No,No,25,Yes,No,100.45,6121.97,No
CUST0270,Female,0,No,Yes,28,Yes,Fiber optic,81.99,7220.67,No
CUST0271,Female,0,Yes,Yes,71,Yes,No,47.72,859.84,Yes
CUST0272,Female,0,No,No,56,Yes,Fiber optic,115.25,1371.02,No
CUST0273,Male,1,No,Yes,68,Yes,Fiber optic,85.07,4902.11,No
CUST0274,Female,0,Yes,Yes,5,Yes,DSL,67.63,5696.87,No
CUST0275,Female,0,Yes,Yes,45,Yes,DSL,97.76,1766.45,Yes
CUST0276,Male,0,Yes,No,12,Yes,No,45.46,291.89,No
CUST0277,Male,0,Yes,Yes,17,No,No,101.08,6906.42,No
CUST0278,Male,0,No,Yes,49,Yes,DSL,53.83,6247.6,No
CUST0279,Female,0,Yes,No,38,Yes,No,27.47,7377.09,No
CUST0280,Female,0,Yes,Yes,53,No,Fiber optic,98.29,2388.62,No
CUST0281,Male,0,No,Yes,27,Yes,Fiber optic,39.1,4127.08,Yes
CUST0282,Male,1,Yes,No,50,Yes,No,84.43,5841.93,No
CUST0283,Female,0,No,No,16,Yes,No,46.98,5044.19,No
CUST0284,Male,0,Yes,No,51,Yes,No,88.54,198.19,Yes
CUST0285,Male,0,No,Yes,38,Yes,Fiber optic,32.61,4127.92,No
CUST0286,Male,0,Yes,Yes,11,Yes,Fiber optic,82.39,7856.71,Yes
CUST0287,Female,0,No,Yes,14,Yes,No,39.2,1935.45,No
CUST0288,Male,0,Yes,No,25,Yes,DSL,70.34,3701.85,No
CUST0289,Female,0,No,Yes,4,Yes,No,107.27,6479.36,No
CUST0290,Female,0,Yes,Yes,37,Yes,Fiber optic,67.54,2202.35,Yes
CUST0291,Female,0,No,No,42,No,DSL,97.21,3312.84,No
CUST0292,Male,0,Yes,Yes,18,Yes,Fiber optic,34.64,5554.57,No
CUST0293,Female,0,No,No,11,Yes,No,85.72,3654.15,Yes
CUST0294,Female,0,Yes,Yes,32,Yes,DSL,35.2,7637.19,No
CUST0295,Female,0,No,Yes,55,Yes,No,96.86,6816.55,No
CUST0296,Male,0,Yes,No,17,Yes,No,91.41,2390.84,Yes
CUST0297,Male,0,Yes,No,14,Yes,Fiber optic,60.24,104.4,No
CUST0298,Male,0,No,Yes,70,Yes,Fiber optic,67.0,4336.23,No
CUST0299,Male,0,No,Yes,68,Yes,DSL,36.84,6840.75,No
CUST0300,Female,1,Yes,Yes,55,Yes,No,83.55,7282.5,No
CUST0301,Male,0,Yes,Yes,65,Yes,No,111.27,1063.98,No
CUST0302,Female,0,No,Yes,43,Yes,No,76.04,7142.08,Yes
CUST0303,Female,0,No,Yes,46,Yes,No,51.52,4031.65,No
CUST0304,Female,0,No,No,29,Yes,DSL,60.94,7835.69,Yes
CUST0305,Female,0,No,No,53,Yes,Fiber optic,41.83,6433.52,No
CUST0306,Male,0,No,Yes,49,Yes,DSL,64.18,1416.09,No
CUST0307,Female,0,Yes,No,61,Yes,DSL,69.51,4263.19,No
CUST0308,Female,0,Yes,No,64,No,No,114.07,7062.09,No
CUST0309,Female,0,No,Yes,59,Yes,Fiber optic,62.99,6526.33,No
CUST0310,Female,0,Yes,No,44,Yes,DSL,106.23,7748.09,Yes
CUST0311,Female,0,Yes,No,9,No,DSL,36.68,6690.26,No
CUST0312,Female,0,Yes,No,42,Yes,No,74.52,7930.05,No
CUST0313,Male,0,Yes,Yes,26,No,No,79.08,4244.48,No
CUST0314,Male,0,Yes,No,31,Yes,Fiber optic,79.37,4810.52,No
CUST0315,Female,1,No,Yes,53,No,DSL,70.22,651.82,No
CUST0316,Male,0,Yes,Yes,53,Yes,DSL,96.71,3213.09,No
CUST0317,Male,0,No,Yes,22,Yes,No,37.29,2592.51,Yes
CUST0318,Female,0,Yes,No,63,Yes,No,26.81,7344.47,No
CUST0319,Male,0,No,No,69,Yes,DSL,34.27,2716.69,No
CUST0320,Female,0,Yes,No,49,Yes,No,76.32,7100.31,No
CUST0321,Female,0,Yes,No,10,Yes,No,44.97,1989.67,No
CUST0322,Female,0,No,Yes,57,Yes,No,93.85,4697.73,No
CUST0323,Female,0,Yes,No,54,Yes,Fiber optic,26.29,4323.7,Yes
CUST0324,Female,1,No,Yes,70,Yes,No,110.9,877.84,No
CUST0325,Female,0,Yes,No,44,Yes,DSL,115.17,2605.46,No
CUST0326,Male,1,Yes,No,49,Yes,DSL,98.57,7887.95,No
CUST0327,Female,0,Yes,No,20,Yes,Fiber optic,107.8,4796.39,Yes
CUST0328,Female,1,No,Yes,2,Yes,No,57.83,6629.81,No
CUST0329,Female,1,No,Yes,24,Yes,Fiber optic,35.96,5783.91,No
CUST0330,Male,1,No,Yes,10,Yes,DSL,39.99,7212.6,Yes
CUST0331,Male,0,Yes,Yes,32,Yes,No,70.13,2821.42,No
CUST0332,Male,0,Yes,No,66,Yes,DSL,86.14,1846.41,No
CUST0333,Female,0,Yes,Yes,5,No,Fiber optic,76.88,664.87,No
CUST0334,Female,0,No,Yes,60,Yes,Fiber optic,30.49,6749.86,No
CUST0335,Male,0,No,Yes,13,Yes,DSL,92.72,4230.3,No
CUST0336,Female,0,No,Yes,59,Yes,No,98.9,5782.38,No
CUST0337,Male,0,No,No,46,Yes,Fiber optic,22.95,606.22,No
CUST0338,Male,0,Yes,No,25,Yes,No,65.89,6787.68,No
CUST0339,Female,0,Yes,Yes,56,Yes,Fiber optic,63.78,4703.3,No
CUST0340,Male,0,No,No,20,Yes,Fiber optic,26.72,1030.57,No
CUST0341,Female,0,No,Yes,37,Yes,DSL,37.68,4038.05,No
CUST0342,Female,0,No,No,31,Yes,No,101.5,4817.16,No
CUST0343,Male,0,No,Yes,6,Yes,DSL,78.46,2791.97,No
CUST0344,Male,0,Yes,Yes,15,Yes,DSL,41.89,5717.82,Yes
CUST0345,Male,0,Yes,Yes,71,Yes,DSL,65.84,4692.54,No
CUST0346,Male,0,No,Yes,38,Yes,Fiber optic,105.46,6739.27,No
CUST0347,Female,0,Yes,No,3,Yes,No,30.23,6921.52,No
CUST0348,Female,0,Yes,Yes,47,Yes,No,115.55,591.71,No
CUST0349,Female,0,Yes,Yes,18,No,DSL,34.14,5207.19,No
CUST0350,Female,0,Yes,No,12,Yes,No,49.07,5808.63,Yes
CUST0351,Female,0,Yes,Yes,49,Yes,DSL,38.15,1226.72,No
CUST0352,Male,0,No,Yes,4,Yes,Fiber optic,66.96,7079.24,Yes
CUST0353,Female,1,No,Yes,18,Yes,Fiber optic,51.06,6866.15,Yes
CUST0354,Male,1,Yes,No,21,Yes,DSL,118.85,1201.99,No
CUST0355,Female,0,No,No,14,No,No,21.54,7077.93,No
CUST0356,Female,0,Yes,Yes,53,Yes,No,52.15,5208.48,No
CUST0357,Female,0,No,No,67,Yes,DSL,79.47,6315.59,Yes
CUST0358,Male,0,No,Yes,23,Yes,Fiber optic,54.0,6408.55,Yes
CUST0359,Male,0,No,No,15,Yes,Fiber optic,65.58,1378.47,No
CUST0360,Female,0,No,Yes,37,Yes,No,62.52,595.11,No
CUST0361,Male,0,No,No,70,Yes,DSL,28.62,5132.21,Yes
CUST0362,Male,0,Yes,No,39,Yes,No,84.91,2764.27,No
CUST0363,Female,0,Yes,No,61,Yes,No,103.4,2157.63,No
CUST0364,Male,1,No,Yes,8,Yes,DSL,72.78,1125.94,No
CUST0365,Male,0,No,No,17,Yes,DSL,34.96,6889.08,No
CUST0366,Male,0,Yes,Yes,28,Yes,Fiber optic,68.13,4614.31,No
CUST0367,Male,0,No,No,63,Yes,No,21.41,6710.01,No
CUST0368,Male,1,Yes,Yes,17,Yes,No,110.75,4498.33,Yes
CUST0369,Female,1,Yes,No,69,No,No,44.06,483.25,No
CUST0370,Female,0,Yes,Yes,18,Yes,No,110.24,1834.14,No
CUST0371,Male,1,Yes,Yes,59,Yes,DSL,78.41,6555.9,Yes
CUST0372,Female,0,Yes,Yes,52,Yes,DSL,118.33,1610.95,No
CUST0373,Male,0,No,Yes,21,Yes,No,104.93,7307.27,Yes
CUST0374,Male,1,Yes,Yes,66,No,No,21.11,2626.05,Yes
CUST0375,Male,1,Yes,No,53,Yes,No,21.51,3436.77,No
CUST0376,Female,0,No,No,39,Yes,No,94.34,5330.28,Yes
CUST0377,Female,0,No,No,24,Yes,No,71.68,6420.46,Yes
CUST0378,Male,0,Yes,No,9,Yes,No,95.54,6148.16,No
CUST0379,Female,0,Yes,Yes,54,Yes,No,78.97,6549.44,Yes
CUST0380,Male,0,No,Yes,25,No,DSL,43.23,4126.06,No
CUST0381,Female,0,No,Yes,24,Yes,No,98.66,2642.98,No
CUST0382,Male,0,No,Yes,15,Yes,No,23.1,1797.89,No
CUST0383,Female,0,No,No,23,Yes,Fiber optic,100.65,7677.73,No
CUST0384,Female,1,Yes,Yes,18,Yes,DSL,86.51,4632.38,Yes
CUST0385,Male,0,Yes,No,9,Yes,DSL,87.33,7754.85,No
CUST0386,Male,0,No,Yes,11,Yes,No,24.39,3997.65,Yes
CUST0387,Male,0,Yes,No,47,Yes,Fiber optic,40.98,3063.68,Yes
CUST0388,Female,1,Yes,No,12,Yes,DSL,68.89,4929.51,No
CUST0389,Male,0,No,No,29,Yes,No,64.21,7945.55,Yes
CUST0390,Female,0,Yes,No,54,Yes,No,22.65,6931.24,No
CUST0391,Female,0,Yes,No,39,No,Fiber optic,53.58,3335.5,Yes
CUST0392,Male,1,No,No,10,Yes,No,116.75,439.68,Yes
CUST0393,Male,1,No,No,6,Yes,Fiber optic,50.66,3328.67,No
CUST0394,Female,0,Yes,Yes,49,Yes,No,83.28,6093.56,No
CUST0395,Male,0,No,Yes,11,Yes,DSL,88.17,113.61,No
CUST0396,Male,0,Yes,No,37,Yes,No,82.37,6678.07,No
CUST0397,Female,0,Yes,Yes,23,Yes,No,48.97,2156.63,Yes
CUST0398,Female,1,Yes,No,69,Yes,DSL,77.17,2992.59,No
CUST0399,Male,0,No,No,15,Yes,No,90.41,7373.4,No
CUST0400,Male,0,Yes,No,64,Yes,DSL,58.33,3055.6,Yes
CUST0401,Female,0,Yes,Yes,58,Yes,Fiber optic,48.03,3877.69,No
CUST0402,Female,0,Yes,Yes,45,Yes,No,47.5,3606.84,No
CUST0403,Male,0,No,No,16,Yes,DSL,111.81,2967.01,Yes
CUST0404,Female,1,Yes,Yes,54,Yes,DSL,84.45,743.61,No
CUST0405,Male,0,Yes,No,35,Yes,DSL,95.24,3448.56,No
CUST0406,Female,0,Yes,No,14,Yes,DSL,76.78,3995.87,Yes
CUST0407,Female,0,Yes,Yes,54,Yes,Fiber optic,83.05,1824.62,Yes
CUST0408,Female,0,No,Yes,44,Yes,DSL,47.65,6622.65,No
CUST0409,Male,0,Yes,No,72,Yes,Fiber optic,109.28,4007.15,Yes
CUST0410,Female,0,No,Yes,43,Yes,DSL,70.12,1984.69,No
CUST0411,Female,0,Yes,Yes,23,Yes,Fiber optic,100.54,892.88,Yes
CUST0412,Female,1,Yes,Yes,72,Yes,Fiber optic,71.8,4664.83,No
CUST0413,Female,0,No,No,1,Yes,DSL,31.63,3880.68,No
CUST0414,Female,0,Yes,Yes,68,Yes,No,31.18,5750.27,No
CUST0415,Male,0,No,Yes,52,No,DSL,66.41,7907.81,Yes
CUST0416,Male,1,Yes,Yes,47,Yes,DSL,62.99,1683.42,No
CUST0417,Female,0,No,No,18,Yes,DSL,111.33,5891.97,No
CUST0418,Female,0,Yes,Yes,69,Yes,DSL,33.17,3508.93,No
CUST0419,Female,0,No,No,44,Yes,DSL,88.66,3222.97,Yes
CUST0420,Female,0,Yes,Yes,48,Yes,No,111.81,2382.85,No
CUST0421,Female,0,No,No,18,Yes,No,61.11,2924.66,Yes
CUST0422,Female,0,No,Yes,21,Yes,No,108.5,1031.04,No
CUST0423,Female,1,No,Yes,65,No,DSL,34.43,3697.61,No
CUST0424,Female,0,Yes,No,21,Yes,Fiber optic,30.53,4741.85,No
CUST0425,Female,0,No,No,27,Yes,No,43.34,2308.39,No
CUST0426,Female,0,Yes,Yes,32,Yes,No,72.12,3684.01,Yes
CUST0427,Female,0,Yes,Yes,20,Yes,DSL,84.64,3829.11,Yes
CUST0428,Female,0,No,Yes,46,Yes,DSL,97.13,5310.84,Yes
CUST0429,Female,0,Yes,No,65,Yes,No,96.66,4709.87,Yes
CUST0430,Male,0,Yes,Yes,20,Yes,Fiber optic,31.19,7553.54,Yes
CUST0431,Male,0,Yes,Yes,30,Yes,Fiber optic,107.4,4255.88,No
CUST0432,Female,0,No,No,68,Yes,DSL,31.23,4898.05,No
CUST0433,Female,0,Yes,Yes,18,Yes,Fiber optic,109.78,4291.74,Yes
CUST0434,Female,0,Yes,Yes,71,Yes,DSL,115.76,2826.3,Yes
CUST0435,Male,0,No,No,16,Yes,DSL,78.41,1381.37,Yes
CUST0436,Male,1,No,No,33,Yes,DSL,89.39,229.44,No
CUST0437,Female,1,Yes,Yes,36,Yes,DSL,56.97,1854.25,No
CUST0438,Male,0,No,No,18,Yes,DSL,75.07,4510.6,No
CUST0439,Male,0,No,No,27,No,No,103.21,316.92,No
CUST0440,Male,0,Yes,Yes,11,Yes,DSL,35.95,2611.15,Yes
CUST0441,Male,0,Yes,No,37,Yes,Fiber optic,70.17,423.85,Yes
CUST0442,Female,0,Yes,Yes,43,Yes,Fiber optic,60.92,5523.89,Yes
CUST0443,Male,0,No,No,70,Yes,No,106.64,4156.33,No
CUST0444,Male,0,Yes,Yes,22,Yes,No,33.1,7149.25,No
CUST0445,Male,0,Yes,No,33,Yes,Fiber optic,109.18,5073.96,No
CUST0446,Male,1,No,No,11,Yes,DSL,45.03,5661.48,No
CUST0447,Female,1,Yes,Yes,32,Yes,DSL,80.57,7069.6,Yes
CUST0448,Male,0,Yes,No,6,Yes,No,57.99,7183.3,Yes
CUST0449,Female,0,No,Yes,27,Yes,DSL,113.27,3012.87,No
CUST0450,Male,0,No,No,13,Yes,No,39.75,4720.26,Yes
CUST0451,Female,1,Yes,No,69,Yes,Fiber optic,70.25,3288.01,Yes
CUST0452,Male,0,No,Yes,43,No,Fiber optic,42.83,4574.53,No
CUST0453,Male,0,Yes,Yes,2,Yes,No,100.12,7535.44,Yes
CUST0454,Male,0,No,No,51,Yes,Fiber optic,47.11,7945.98,Yes
CUST0455,Male,1,Yes,Yes,66,Yes,Fiber optic,115.35,3826.6,Yes
CUST0456,Female,0,No,Yes,54,Yes,DSL,112.44,609.95,Yes
CUST0457,Female,0,No,Yes,46,Yes,No,67.52,7683.54,Yes
CUST0458,Male,1,No,Yes,71,Yes,No,21.29,1036.13,No
CUST0459,Female,0,No,Yes,11,Yes,DSL,116.54,292.7,No
CUST0460,Male,0,Yes,Yes,60,No,Fiber optic,88.6,5619.13,Yes
CUST0461,Female,0,Yes,Yes,36,Yes,No,69.2,6807.71,No
CUST0462,Male,0,Yes,Yes,8,Yes,Fiber optic,80.41,4979.51,No
CUST0463,Female,0,Yes,No,27,Yes,Fiber optic,31.1,4790.02,No
CUST0464,Female,0,No,No,44,Yes,No,35.75,2695.92,No
CUST0465,Female,1,No,No,27,No,Fiber optic,83.89,5043.15,Yes
CUST0466,Male,0,No,Yes,46,Yes,No,24.9,6614.83,No
CUST0467,Female,0,No,No,71,Yes,DSL,90.23,2682.08,No
CUST0468,Male,0,Yes,No,47,No,No,111.98,3740.47,No
CUST0469,Male,0,Yes,Yes,3,No,No,90.9,5173.5,No
CUST0470,Male,0,Yes,No,46,Yes,DSL,76.06,6274.82,No
CUST0471,Male,0,No,Yes,6,Yes,Fiber optic,99.42,5137.2,No
CUST0472,Female,0,No,No,59,Yes,DSL,94.85,1341.98,No
CUST0473,Female,1,No,No,18,Yes,No,79.07,4285.6,No
CUST0474,Female,0,Yes,Yes,65,Yes,DSL,39.7,3539.48,No
CUST0475,Male,0,No,No,3,Yes,No,20.78,5199.73,Yes
CUST0476,Male,0,No,Yes,67,Yes,DSL,65.73,5203.31,Yes
CUST0477,Male,0,No,No,21,Yes,No,44.1,869.59,No
CUST0478,Female,1,Yes,Yes,2,Yes,No,42.71,1195.39,No
CUST0479,Female,0,Yes,No,11,Yes,DSL,70.67,791.38,No
CUST0480,Female,0,Yes,Yes,40,Yes,Fiber optic,57.54,857.61,No
CUST0481,Male,0,Yes,Yes,11,Yes,Fiber optic,70.41,4242.02,No
CUST0482,Male,0,Yes,Yes,14,Yes,No,46.93,121.57,Yes
CUST0483,Male,0,Yes,No,1,Yes,No,81.01,6283.92,No
CUST0484,Male,0,No,No,41,Yes,DSL,82.2,4592.36,No
CUST0485,Female,0,Yes,Yes,21,Yes,Fiber optic,40.89,5796.14,No
CUST0486,Male,1,No,No,19,Yes,No,76.75,3896.7,No
CUST0487,Female,0,No,No,56,No,Fiber optic,64.52,7262.85,No
CUST0488,Female,0,No,No,44,Yes,No,116.94,6600.3,Yes
CUST0489,Male,0,No,Yes,72,Yes,No,92.18,4036.9,No
CUST0490,Female,0,No,Yes,5,Yes,Fiber optic,38.19,2029.19,No
CUST0491,Male,0,No,Yes,57,Yes,DSL,108.2,1099.29,Yes
CUST0492,Male,0,Yes,Yes,64,Yes,No,67.7,6760.3,No
CUST0493,Female,0,No,Yes,45,Yes,DSL,104.69,5447.3,Yes
CUST0494,Male,0,No,Yes,1,Yes,No,103.09,2194.86,Yes
CUST0495,Male,0,No,No,1,Yes,No,21.74,5836.19,No
CUST0496,Male,0,No,No,19,No,No,43.37,2533.02,Yes
CUST0497,Female,1,No,Yes,62,Yes,DSL,111.11,2112.72,Yes
CUST0498,Male,1,Yes,Yes,26,Yes,Fiber optic,96.97,5939.55,No
CUST0499,Male,1,Yes,Yes,13,Yes,DSL,33.53,5942.35,Yes
CUST0500,Male,0,Yes,No,58,Yes,No,41.23,6608.57,No
