Actual,Predicted
-0.3524314355483251,-0.30805123
-0.11645697116177096,-0.2154618
0.006319682611199446,-0.11359174
-0.22437669211330283,-0.004244666
0.04094407648242105,0.09227914
0.18541182508731516,0.18821006
0.23850873479362136,0.28459996
0.5222719184833983,0.37763414
0.5581865744597169,0.47706434
0.7281559105671089,0.5751929
0.5061834934979794,0.6744009
0.7248803487387082,0.75386506
0.9506980643416081,0.8254475
0.8556861709001965,0.8961243
0.8607294141278194,0.9531814
0.9399298087861724,0.99516344
1.0951497669775323,1.0253311
0.9946832720936855,1.0505186
1.0212567427517028,1.0612541
1.0154195738827367,1.0600715
0.8643338159059362,1.0469637
1.0542822091828976,1.014892
0.9983276925104119,0.979426
0.9050994737721817,0.9367968
0.8846965166107543,0.8842986
0.8469161879412087,0.824646
0.6860157623059748,0.75913894
0.584654623984531,0.682709
0.6851986824794791,0.5961174
0.5301150021440184,0.5111417
0.47846637907657535,0.42218426
0.2992003693572622,0.33199435
0.2751397584406249,0.23590995
0.05121718590438783,0.13940226
0.07047938440079941,0.03614869
-0.26577120798614173,-0.06500532
-0.13224723927083068,-0.17576495
-0.14645793710628188,-0.27994978
-0.42177520094372295,-0.37393034
-0.6191646811890615,-0.46754244
-0.7582987425723159,-0.5635447
-0.8618756985054796,-0.6609916
-0.6961173309467625,-0.7571355
-0.8232676887376974,-0.83741194
-0.8686393099021145,-0.9051255
-0.9167308289110894,-0.9594377
-0.9439894454064632,-1.0004338
-1.040719569785905,-1.0278538
-0.9475559592573695,-1.0453871
-1.1315212917135615,-1.04778
-1.1076627781702764,-1.0442371
-0.9599750174131152,-1.0328366
-1.055603339707483,-1.0069942
-1.0637062964909743,-0.9734926
-0.8994175548376327,-0.9340357
-0.8488163688006417,-0.8825154
-0.7682641914142279,-0.8202048
-0.8064114762971987,-0.7473808
-0.7556661609747232,-0.6706246
-0.635108883458165,-0.59102494
-0.6003510997305418,-0.5064813
-0.3952832078080969,-0.42003134
-0.4157235251993796,-0.3257243
-0.15409677835596047,-0.23122711
-0.24071365415822268,-0.12791452
-0.18383482358050873,-0.028413996
0.04527419103991437,0.06596379
0.2425934716718447,0.1628566
0.2114953496090383,0.26557168
0.29446820595356055,0.36385733
0.3916302696424059,0.45695898
0.32245501332516163,0.5445428
0.5772007783070721,0.61742264
0.7208018194064104,0.6878819
0.7097800833802984,0.75725114
0.6924611508802818,0.81845
0.9142312676548949,0.8669366
0.8832964455783551,0.91322654
0.9396614941748342,0.9496757
0.9912897486035144,0.97748095
0.919950597763967,0.9971535
0.963271633812738,1.0027242
0.8894712970086766,0.9978166
0.9168047756226794,0.97852737
0.8484979640753656,0.9491532
0.7638575760024702,0.90773994
0.8490480808902615,0.8532988
0.7778818648779788,0.7951864
0.5654158083851434,0.73131615
0.8572839306131891,0.6539341
0.6959794281359495,0.58564204
0.6669406214139709,0.5164636
0.5298054279777893,0.4482217
0.37663373616082696,0.37626427
0.355638687672497,0.29712686
0.1493818022350283,0.21583344
-0.06479292912572585,0.12633844
0.07677191789732368,0.025219543
-0.2510887790019564,-0.07132106
-0.03279585882831468,-0.17580105
-0.14144047300119872,-0.2685611
-0.29312532899052796,-0.3526581
-0.5213437520549306,-0.4320085
-0.5162310200676347,-0.51307255
-0.7111820970345089,-0.5890912
-0.6189520714426046,-0.66481405
-0.861116616315853,-0.7298601
-0.7444406701027879,-0.7927154
-0.9488566539187415,-0.84286076
-0.9379142160945119,-0.8879049
-1.0482361122407116,-0.92383665
-1.02956437291854,-0.95358926
-0.9493966083789346,-0.97379607
-0.8263777146901807,-0.9797448
-1.0005680191164976,-0.96663004
-1.0277114353805,-0.9453613
-0.9241551104006607,-0.9180883
-0.8007043366722285,-0.88087285
-0.9388050512711585,-0.8303889
-0.8073434237165487,-0.7770642
-0.5756884277075317,-0.71640664
-0.6511936493697968,-0.6408678
-0.7049830448906445,-0.5603778
-0.5933340353023523,-0.4817216
-0.36920008214531713,-0.4020608
-0.38059315117576825,-0.31410173
-0.21253864582716522,-0.22485371
-0.02937067492874167,-0.13037017
-0.1789729004673596,-0.027773704
0.02943683494174221,0.067037955
-0.026569421772732655,0.16193964
0.29913308166195657,0.24751544
0.24583445746586735,0.33826202
0.28140864544046873,0.42283618
0.43624842646699125,0.49911433
0.5297516568824555,0.57178074
0.7416316478409553,0.64048135
0.7451278838176015,0.7118405
0.8335040693228797,0.7782367
0.9020725111980056,0.83989006
1.1044973140841254,0.8954819
0.9602997033372326,0.9517596
1.0336129367947482,0.9935554
0.8648155140801826,1.0245184
1.0685971159109648,1.0332855
0.8978295224862438,1.0348496
0.9049453912660922,1.0178099
0.9981339639949083,0.9869999
1.040323106899054,0.950392
0.9583636415666907,0.91093755
0.8213180088771288,0.86476535
0.9223282476260499,0.8070917
0.8549472504890263,0.74836314
0.41946033027398355,0.6861905
0.6597535178192225,0.6005177
0.43842372839205984,0.5155235
0.22348870566391163,0.4218211
0.28795389687927087,0.31548002
0.23146534402493266,0.20892839
0.204419118260834,0.10419779
0.08856259948023228,0.0049767788
-0.04458941473648058,-0.09068098
-0.2504209596756291,-0.18471079
-0.3727777919726553,-0.28187948
-0.15894191380201136,-0.38092455
-0.5513773664778931,-0.46446964
-0.7111662586186022,-0.5497729
-0.6538639365471445,-0.6373685
-0.7537151333387063,-0.71728253
-0.8395918231867034,-0.789898
-0.7031733910123015,-0.85482776
-0.7132790621536272,-0.9019398
-0.8514079061306521,-0.93118525
-0.9615226687195694,-0.9492247
-0.8175083817068545,-0.9603727
-0.7651654135896174,-0.95676166
-0.8806767859512346,-0.93731475
-0.8759638699062406,-0.90978587
-1.0297572236620245,-0.8750502
-0.8698871824731759,-0.8416697
-0.7511822528579151,-0.8014795
-0.918543876353617,-0.75072914
-0.8758911458452591,-0.7007626
-0.7105984306208932,-0.65022147
-0.5681900154635106,-0.5925545
-0.48105201641305995,-0.52442616
-0.4452571670053993,-0.44669843
-0.48613862819483233,-0.363206
-0.2615673334599835,-0.28117448
-0.04517445362655866,-0.19273761
-0.20381599972756315,-0.09326447
-0.05742301354894409,0.0005395106
0.029970179658152133,0.092998885
0.17529427867272462,0.18315703
0.1599645620757142,0.27355075
0.5539613414889379,0.3570552
0.3263224524449219,0.4511419
0.5436816714742377,0.532653
0.5299807176018724,0.6116787
0.5898088321228495,0.68092716
0.8526484068753154,0.7405419
0.9032090483585634,0.8018625
0.962246202133867,0.8601285
0.7560473570657094,0.9135049
0.7140042033547419,0.9458942
1.0600328223771445,0.95738435
0.8651884565573309,0.9695749
1.0408986264936793,0.96635103
1.1256049406217672,0.96027756
0.7866953113036822,0.95358294
1.0930003455337056,0.9253096
0.9620719435163919,0.8990096
0.8864133590807077,0.8646759
0.8736160938786945,0.8208357
0.5998122126443843,0.77011716
0.8982219636448318,0.70091015
0.614278699271378,0.6374388
0.47395898580906815,0.56377286
0.3910122938306955,0.47924194
0.2559478695557545,0.38646895
0.3127613365568966,0.28508124
0.25111163634218187,0.18549336
0.06546147621487984,0.08876774
-0.1194700259431659,-0.010126159
-0.11145086351577707,-0.11406271
-0.3140555936589752,-0.21496329
-0.39569810499741553,-0.3177059
-0.4207296772232781,-0.41904545
-0.5266632754015698,-0.5138328
-0.5613195179291233,-0.6022995
-0.5518435614038723,-0.681187
-0.7396175776707028,-0.746298
-0.7250689442610555,-0.80430853
-0.8914085032802599,-0.85094225
-0.8286083837275348,-0.8918941
-0.8766389417127077,-0.92100924
-1.0773644507039681,-0.9394071
-0.8714521079305729,-0.9554143
-0.91342098093224,-0.95693475
-1.0578082612518784,-0.9469463
-0.929292780007101,-0.93292624
-0.901321615058313,-0.90844053
-0.8822535244846774,-0.8739183
-1.0493783314790786,-0.8306313
-0.9782734674662278,-0.7888014
-0.6631483368126676,-0.7450894
-0.8417286635724629,-0.6858028
-0.6849579016065546,-0.6249928
-0.6480895686260234,-0.5572073
-0.5004192818538165,-0.48495573
-0.5905187283836482,-0.4049543
-0.5497152327638937,-0.3272851
-0.2469160223256371,-0.2527234
-0.1358477002136686,-0.16891167
-0.0028531190398337404,-0.077355765
-0.19393203359765518,0.021739725
0.17082119390879175,0.110552415
0.27160824612897555,0.20607783
0.1697192166459144,0.30484825
0.32956652769940065,0.39385262
0.6466707256650092,0.47852802
0.6974931050998576,0.5705048
0.6463270362092697,0.6625332
0.7196629899728466,0.744522
0.8383057147491763,0.81659245
0.7782948841983733,0.8811513
0.8577885791531844,0.9301971
1.05778182450728,0.9671686
0.8979624777475989,1.0012352
0.9242504817480173,1.0185072
0.8502334161081376,1.0220503
0.8690576992871204,1.0085112
0.8523469306466931,0.9819803
0.9719628400536167,0.9438549
0.8720012408671544,0.90353346
0.9318047686136616,0.855356
0.7803892964479537,0.805755
0.7485891544191815,0.7472353
0.6850880721975549,0.6825737
0.7211757379344745,0.6120422
0.5782525245893332,0.5417312
0.5141428418059715,0.46645954
0.35875360211623164,0.38773313
0.21003427480533615,0.3019773
0.19032246991742507,0.20786728
-0.061461930391609514,0.11171338
0.05930328687521526,0.006246783
0.009099433519979182,-0.09368752
-0.3669977631512306,-0.18670698
-0.27014862561066677,-0.2875724
-0.41214487043063136,-0.38260448
-0.5227994926192537,-0.47418693
-0.6703725729095458,-0.56210977
-0.5259316539510605,-0.64786524
-0.798335310323681,-0.71873736
-1.0301829273814562,-0.78547096
-0.9246467001364745,-0.85388196
-0.8427100221891848,-0.9127455
-1.0744722227409347,-0.95514524
-1.037260689802306,-0.9908961
-1.0134233076552106,-1.0155929
-1.034083469384926,-1.0270517
-0.9983367209241033,-1.0263542
-1.00788927894037,-1.0124712
-1.1435210937996925,-0.9874536
-1.1184487188737622,-0.9591736
-0.820242167369581,-0.92657536
-0.8684535451018196,-0.87679595
-0.8055464260163454,-0.81685394
-0.6350788354735929,-0.7475921
-0.7141658699361577,-0.6652603
-0.6236575813385353,-0.57988447
-0.5444288391851274,-0.49104464
-0.35703636380498904,-0.39949742
-0.4993785100165309,-0.30073246
-0.24520955987838727,-0.20867324
-0.17689521881373044,-0.11303756
0.02593666147413736,-0.016784899
0.06340348154955015,0.08506262
0.24098551195881524,0.18657565
0.20535186517652196,0.29103127
0.42301358945767475,0.38852584
0.3015106161905411,0.4862094
0.3456629616791097,0.5696257
0.656617847689009,0.63917744
0.6781431647545577,0.7095938
0.7107977539140693,0.77433646
0.7846338976086394,0.83079743
1.0648580830050745,0.8795244
0.8871380290044848,0.93233764
1.0205700548658554,0.9710866
0.9062109674158842,1.0029775
0.9449065428171719,1.0181229
1.1009848383504455,1.0201936
1.0512602536457683,1.018263
1.0841978676999955,1.0071613
0.9591261220568252,0.98949575
0.889502988784281,0.95845604
0.9520496368838007,0.91394365
0.7299173867702584,0.8635964
0.7784778920364974,0.7974536
0.6409696239171294,0.7251965
0.4429803334667053,0.6431641
0.4322780295003426,0.5470668
0.4413174033618726,0.44480982
0.49165543668297446,0.34291813
0.2003815903857645,0.24835126
0.0936689342798045,0.14851971
0.09764329508045694,0.045218304
0.11582213876609657,-0.05482282
-0.14921927947935548,-0.14602177
-0.24988167904844868,-0.23860076
-0.2410095620661488,-0.33097103
-0.408577605887433,-0.41669092
-0.5562581114412515,-0.49971712
-0.6454186082949346,-0.5817263
-0.7809002525516482,-0.66097075
-0.7095336735194089,-0.7382162
-0.7073325319036841,-0.80432165
-1.0387347799516586,-0.85629827
-0.827336316808672,-0.9076722
-1.1413491874214676,-0.94373703
-0.7691293049399215,-0.97813076
-1.0111579362731633,-0.990117
-0.9383311397673794,-0.99298507
-0.9892047884240817,-0.98308855
-0.9875940169447199,-0.96399486
-0.9267852463692859,-0.9365179
-0.9000975722022789,-0.8991866
-1.1320960897590482,-0.85301
-0.8837896421178714,-0.811301
-0.9101873583650064,-0.7617386
-0.876974927184932,-0.70847905
-0.7677879944334257,-0.6520411
-0.38654394574967144,-0.5895933
-0.46385443671916354,-0.5063602
-0.39149230227011844,-0.41493598
-0.3328247243781753,-0.31765538
-0.16476066317920263,-0.21780205
-0.20715144896190255,-0.11260077
-0.027525914569834414,-0.011506124
0.22053707247521118,0.090382956
0.3299322881875108,0.19954163
0.25912678850382476,0.31258973
0.3507359593766608,0.41722354
0.5744210086431316,0.5138998
0.5494234782759859,0.6096143
0.7700274416026032,0.69519186
0.7786316095447721,0.77887756
0.8364743148833631,0.85367393
0.8570317283762954,0.9184205
1.0531065944199802,0.97040075
0.907569665675416,1.0180947
0.8585889357038604,1.0479014
0.9372234756922071,1.0582592
0.8882130254391254,1.0555449
0.9662678543798974,1.0374603
1.0018841403781853,1.0109572
0.9928105234109799,0.9786118
1.020648101356189,0.94055665
1.0445152120207146,0.8994844
1.0266171889504907,0.85735005
0.7243551449481465,0.8134795
0.6574092767606604,0.7526371
0.7633461375968982,0.67891765
0.6492980759767877,0.6041719
0.4082391201871106,0.5248791
0.31404298407070685,0.4331505
0.22221615522771276,0.33233544
0.15798250426588537,0.22511883
0.1478090549529865,0.11540852
0.24737549805905767,0.009031712
-0.2094505797933154,-0.084224224
-0.04535107652875884,-0.1855592
-0.3457304595735916,-0.2778804
-0.20243967418130449,-0.3728186
-0.5128664844751522,-0.45610496
-0.6185216250782104,-0.54009086
-0.5723057569911579,-0.6231289
-0.6748061250458625,-0.6969394
-0.7424359901262859,-0.76280326
-0.9376071743176957,-0.82000774
-0.81577570190324,-0.87440675
-0.8370531419379841,-0.91564506
-1.3267026919497693,-0.9434123
-0.971179962751589,-0.979115
-1.0792525110446998,-1.0004311
-0.8509693498904163,-1.0120903
-0.781383371492277,-1.00305
-0.9115795886299568,-0.97319365
-0.9700242267854465,-0.9328165
-0.7987151808063143,-0.8870941
-0.9391747906974399,-0.82981443
-0.8186253631114793,-0.77148783
-0.7524073960281493,-0.70791006
-0.617576617456492,-0.63896954
-0.478467399222658,-0.56171733
-0.42572485993203535,-0.47431982
-0.4025293950231306,-0.3803765
-0.31259978395944166,-0.2845796
-0.17610487855287374,-0.18745117
-0.07106157541633308,-0.08738574
-0.3686866961655141,0.014759073
-0.10882369322855436,0.097007655
0.13630098192384787,0.17403911
0.19564875302408835,0.25449747
0.3657289925879017,0.33477807
0.4858725049210383,0.41847023
0.6144830429887331,0.50470257
0.6120786752945734,0.59303266
0.7975275748891129,0.6755222
0.6937062885019207,0.75732696
0.7580243227751556,0.825188
0.833525977029317,0.8806779
0.9280849833650813,0.92529637
0.8686764220132995,0.9617161
1.0253228502686496,0.9835908
0.8797662781068726,0.99994
1.0488494159640809,0.9996831
0.9862747792575638,0.99477804
0.8020732403848507,0.97973204
1.1922431848184907,0.9458735
0.8489865852443395,0.9200015
0.8159763805398216,0.8782592
0.7911698387373073,0.8251371
0.740018427213341,0.76350915
0.783376711946998,0.6945589
0.5756685895827073,0.6248593
0.4102954133304847,0.54575264
0.4807366566663781,0.4549565
0.48286924382597574,0.36373815
0.23798971264198535,0.2760929
0.24957762710778914,0.18254541
0.08487783405401603,0.090524204
0.04068264620549701,-0.0039184615
0.02315469411984438,-0.09687649
-0.12460915767120893,-0.18413736
-0.14636873738155187,-0.26927194
-0.37996663031850925,-0.3482058
-0.30819030731012853,-0.42856225
-0.6309262445262023,-0.50055724
-0.5543901643078815,-0.5765218
-0.679417613227457,-0.6456799
-0.7126249673346363,-0.710066
-0.8671378920659316,-0.7668362
-0.8048981579683069,-0.8199447
-1.0424441378856875,-0.8621179
-1.0839007039439548,-0.9024411
-0.9875828445371941,-0.9385668
-0.9157925070579294,-0.96286136
-0.9874485026967912,-0.9713235
-0.9578755227055673,-0.9682333
-0.9597042835665115,-0.9528925
-1.009169738187005,-0.927022
-1.0731907620928287,-0.89466053
-0.8592238919855831,-0.86000603
-0.8762626641742233,-0.8136209
-0.8196801980957138,-0.75982577
-0.7620382218748862,-0.69889605
-0.5359052016690039,-0.631587
-0.4700545709725159,-0.5508314
-0.5946180567574474,-0.46000814
-0.472426588072932,-0.3716837
-0.25864873129756877,-0.28302273
-0.07900458105197596,-0.18777737
-0.28820606244510383,-0.083563454
-0.021201415189339226,0.010618564
-0.040497242257967796,0.10651527
0.3395953450407362,0.19620551
0.3023457855902373,0.29605776
0.4118984565945034,0.39375755
0.4657118969922434,0.489465
0.6012249293882979,0.57935417
0.8059913101104323,0.6654522
0.7266051793870352,0.75267696
0.6070277445125887,0.8282941
0.8975339542742005,0.8825317
0.8266586776789088,0.9322939
1.0445411711315402,0.9677413
1.0858134210732349,1.0005944
1.017063211487019,1.0279003
0.9330835696316367,1.0426879
0.8690517950396377,1.040565
1.2463109988671033,1.0202748
0.9988328750098943,1.0062861
0.8850303680004441,0.9794124
0.8563357953591174,0.93736106
0.8037016377382846,0.88335514
0.8769190437440598,0.81872374
0.5215719784537843,0.7520765
0.5749295821167645,0.6665538
0.6109434079675767,0.574742
0.47534842322259574,0.4834757
0.28998818557911255,0.3891068
0.28425473909440735,0.28742814
0.16422677824312001,0.18543954
0.29477406286658353,0.08208185
-0.07840478086534015,-0.010077083
-0.11911572924895371,-0.10806781
-0.23354055751261726,-0.20599167
-0.17848093552056646,-0.30355844
-0.3417938281208675,-0.39194962
-0.6315950279458329,-0.4756115
-0.7953343227176299,-0.56357586
-0.6606010694639575,-0.6557771
-0.7478293644943934,-0.7379368
-0.9358388563044804,-0.8102382
-0.8142251509950332,-0.8776779
-0.9514380126143559,-0.92990625
-0.9865382009570126,-0.9716872
-0.9631196567666171,-1.0024294
-1.0427945111697008,-1.0196723
-1.0558120664857449,-1.0268421
-1.0494419510167428,-1.0241172
-1.0628221363017247,-1.0113332
-1.0889000623741811,-0.98983264
-0.961929103802394,-0.96169585
-0.9588090608669388,-0.9220682
-0.9120363196171929,-0.8735793
-0.9122157630059496,-0.81680685
-0.7294691637368362,-0.75496113
-0.6512576707572949,-0.68230015
-0.6934713232429291,-0.6002176
-0.5217913192925879,-0.51616585
-0.41415210502755123,-0.4255785
-0.3632120537620484,-0.32891965
-0.027963206002397073,-0.22983696
-0.09525956952924705,-0.11682257
-0.04117023891999534,-0.0035089809
0.11089287418815337,0.1068332
0.33470199398748757,0.21634169
0.2143555496819775,0.3300198
0.4727748252079348,0.4323107
0.3273831011330081,0.53380346
0.36760624837181793,0.6184916
0.43344628584868716,0.68716496
0.6823284977812497,0.7415946
0.7165314318562812,0.79383373
0.738183735417891,0.83985096
0.7720818307901435,0.87738484
0.7899685552388113,0.905747
1.011269744821208,0.9239092
1.139947493588189,0.9430028
1.1160974590643709,0.9648642
0.891368572164922,0.98286337
0.9038573464674922,0.9819311
1.1080224756551245,0.9665616
0.863749135365495,0.9500996
0.9458596000423385,0.91691494
0.8778927368420955,0.8769183
0.8598167069260155,0.8278355
0.612587058697165,0.7722691
0.6857268796925787,0.70007384
0.6940729515576972,0.623047
0.5462111326827017,0.5452858
0.6202399850398999,0.46211782
0.27102904973393793,0.38281536
0.25083341770789286,0.29138494
0.19996202964278756,0.19540219
-0.04975722970261836,0.09827827
0.0038210753316591916,-0.0071855653
-0.0660363777484658,-0.10973817
-0.13850079531270948,-0.20798096
-0.4796931172475913,-0.300664
-0.45537456662283915,-0.39993167
-0.61729275062846,-0.4958867
-0.5857661569313001,-0.5906426
-0.8150893360013304,-0.6761592
-0.8904561499269804,-0.75900984
-0.7113819747445547,-0.83670586
-0.8945616807199449,-0.89593583
-0.79230100333142,-0.9441395
-1.0098354007232913,-0.97437125
-1.0478059012339742,-0.996808
-0.9435962976960893,-1.0113739
-1.1725559380988826,-1.0120528
-1.0382159095308585,-1.0099902
-0.8713227074818785,-0.9974726
-0.8906521104095055,-0.96777904
-0.7922984784643392,-0.92517275
-0.8952087675484861,-0.868324
-0.668744082074217,-0.8064647
-0.8121907473688372,-0.7315653
-0.7368639571435536,-0.65602475
-0.6587053138394381,-0.57875425
-0.5034523718973062,-0.49925786
-0.23260535500428808,-0.413635
-0.4645180879828247,-0.31368425
-0.1934370527020619,-0.21970606
-0.13139539131691433,-0.12056219
-0.32078303474814607,-0.020149847
0.08519519537669276,0.06577623
0.13502539950617334,0.15767828
0.19925711752471176,0.24990775
0.2719566037650925,0.33987448
0.4773830674779488,0.42586222
0.4349816175239634,0.5137243
0.5688365138501351,0.59345335
0.46516958611816855,0.6685248
0.7021522745667157,0.7276572
0.852838734616672,0.78320825
0.6481602394665819,0.8378597
0.9031475930041459,0.8743492
0.9512997340178182,0.9081775
0.9688613484430006,0.93679035
0.8447429323792367,0.958003
1.0563562945007121,0.96303
0.9122742992034247,0.9657138
0.9087635734389694,0.954752
1.090613392966088,0.93261445
0.8781160582957971,0.91105366
0.9923635903681226,0.87628555
0.8964286346030472,0.8388798
0.7636883166214363,0.7938703
0.6941132486785203,0.7372536
0.751193212217914,0.6704489
0.5500927155717068,0.6016897
0.4559749611341395,0.5229171
0.3209135309285406,0.4358336
0.31526292466551764,0.33970365
0.0414370652738313,0.24146156
0.17695292541907526,0.13240673
0.23182879192534933,0.028570076
-0.026332517677813333,-0.06357314
-0.19704406599708016,-0.15507911
-0.2347895715624216,-0.24861869
-0.326573566317777,-0.33949605
-0.4463253886517404,-0.42693675
-0.44731861280759805,-0.5115873
-0.7442711841536092,-0.58803415
-0.8102402690798745,-0.6665741
-0.82346404504304,-0.7434245
-0.8887613789413802,-0.8133407
-0.8090478229286706,-0.8751297
-1.0511898299583327,-0.9214932
-0.7143359819915736,-0.9623244
-1.0927363514880342,-0.9791661
-1.0042881394454817,-0.99162376
-1.072331087514876,-0.9936464
-1.1201896997139489,-0.9883871
-0.8293737460144665,-0.9776606
-1.1252719862181302,-0.9479155
-0.9048237889589944,-0.9165363
-0.8755215498410032,-0.87339216
-0.7975342493629665,-0.8203266
-0.8254408941897373,-0.75704515
-0.7076177821813547,-0.68903166
-0.5416666304807176,-0.61387837
-0.48586699853186993,-0.5281076
-0.6302026379658938,-0.43511564
-0.24983661626861753,-0.3479213
-0.2526143379119453,-0.24984016
-0.1913306884036942,-0.14915146
-0.16130908231626406,-0.048465136
-0.047131221409037076,0.04815123
-0.08437556196566132,0.1421065
0.2711986765997496,0.22616033
0.24243158208692392,0.3165539
0.3420683075257598,0.4029434
0.3455643805000731,0.48591647
0.6875207095713991,0.5601095
0.5897317917272132,0.6407137
0.6558806395704793,0.712648
0.7950308121147306,0.77631533
0.6935169615907587,0.83536094
0.917881077537681,0.87892
0.8690288052589578,0.91908747
0.9334006157126864,0.9480195
0.9348013702193446,0.96821946
0.9928121934856188,0.97793216
1.1250460259522386,0.9799993
1.0470007458186825,0.9805803
0.8534274597245952,0.97247636
1.0393640060643254,0.94578636
0.854434541467682,0.91580963
0.7470897093740058,0.871813
0.9914341103346814,0.81312937
0.622619024239484,0.75860876
0.6902688903115938,0.6874295
0.591499284969852,0.611639
0.5919547774129226,0.52966064
0.2731768798989819,0.4467077
0.2445262597647304,0.34992424
0.4034338165863296,0.24706362
0.15539311651485863,0.15281497
0.03338240946436765,0.05645096
-0.015574849187159259,-0.041884918
-0.005289557758008166,-0.13842759
-0.400263069121888,-0.22746733
-0.3431127253805807,-0.32495305
-0.47601763056642904,-0.41910547
-0.5101086990351869,-0.5110303
-0.6548914402239863,-0.5963649
-0.7630117770539778,-0.67733955
-0.7639411843523768,-0.75371623
-1.0197863582438877,-0.82051986
-0.5600755967974015,-0.885947
-1.0658941557394204,-0.92356884
-1.016798785227264,-0.9588623
-0.9436031162950425,-0.9857698
-1.0702007226068633,-0.9991876
-0.896382509817128,-1.0048313
-0.7660674341652915,-0.994103
-0.958346815778448,-0.9631176
-1.0607778855937309,-0.9248948
-1.0180540501142048,-0.8857209
-0.8660041519974319,-0.8438941
-0.8502997558558575,-0.7932508
-0.7716227824394957,-0.7360333
-0.8031144252406455,-0.67143905
-0.549131908151119,-0.60475427
-0.5771790412178924,-0.5263795
-0.4534327314952953,-0.44384655
-0.3096005352781006,-0.35546628
-0.217881836200013,-0.25969875
-0.21395198481316952,-0.15860824
-0.09407812174094124,-0.058716185
-0.031209251714607547,0.041117363
0.20465051059600262,0.13817412
0.23325877585909885,0.23970065
0.4461821527338369,0.33900476
0.3471846468462972,0.44166633
0.36210874684378613,0.53357404
0.7671862734938837,0.61214465
0.7406406344304101,0.6968684
0.9036485490295361,0.7759845
0.7839834710084943,0.85360473
0.827698783056534,0.91573864
0.7343796497712883,0.9635152
0.8790738578997127,0.98991686
1.0780633275842768,1.0050291
1.0506261461884263,1.0184838
0.9606831170960635,1.0244983
1.0181373512641994,1.0171273
0.9521785561706169,1.0014251
1.0516856989427161,0.973874
1.0621450598221622,0.94249886
0.8794566820971694,0.90778977
0.8611604194068174,0.8602575
0.8124411902389052,0.8039533
0.7704391967877114,0.7398906
0.9088320978829102,0.6699468
0.48025804842867437,0.6054134
0.36674697116066174,0.5238014
0.5041284860566078,0.42884314
0.22109229960188517,0.33576894
0.16989789875353262,0.23322992
0.03794590360807822,0.12701936
-0.09072360218539383,0.016973337
0.07105275672593712,-0.09623206
-0.10874057757281679,-0.19713324
-0.2277881039098901,-0.29225248
-0.25451671626920574,-0.38266873
-0.4137114539063387,-0.46480015
-0.5958128137551332,-0.54265815
-0.41610459395374044,-0.6200489
-0.5878030819583223,-0.6825118
-0.7416316849500085,-0.7365523
-0.6858586134357587,-0.7864659
-0.789301607766117,-0.8256191
-0.8609404062992957,-0.85704714
-0.913368649575834,-0.88187593
-0.9005113664019807,-0.9003131
-1.0314540209700223,-0.90990114
-0.9173744787051871,-0.91592824
-1.0497934202957957,-0.91134566
-1.0105397946731753,-0.9027376
-1.0704324887793646,-0.8874624
-0.982358607914583,-0.86858773
-0.9446439914338846,-0.84188104
-0.6688640465013137,-0.80703217
-0.7283774979667068,-0.753151
-0.4951668537604156,-0.6889768
-0.695168294817607,-0.6076804
-0.4308951932916845,-0.5263537
-0.40903676014681645,-0.4350618
-0.37916886534674477,-0.33950827
-0.3431866756630315,-0.24363615
-0.2725007944546222,-0.15041687
-0.09229341594208036,-0.060373433
0.07440227638728777,0.03163229
0.1980316566530466,0.12823339
0.17231091217696304,0.22864082
0.4139576601245113,0.32392436
0.40015172290061335,0.42236674
0.5610977673983476,0.51473254
0.6513066857099303,0.60490143
0.7907080885061024,0.69086516
0.8152448725471451,0.7742526
0.8353989567273873,0.84949505
0.7268510929030897,0.9131543
0.8942864983150494,0.9560556
0.9116599646549558,0.988552
1.0516581609097082,1.0088694
0.9717629715728325,1.0240866
1.0043473014878102,1.0266917
1.0154717106260258,1.0194863
1.0673275847082535,1.0032253
0.8299349476437985,0.9813661
0.9101336672967322,0.94092077
1.0326524714730982,0.89246124
0.669273630672372,0.8448006
0.5537357402797439,0.778162
0.7068492505234246,0.6949882
0.6989924545040187,0.61127615
0.62898270885826,0.52914166
0.5302934431418801,0.44757283
0.6102671471474339,0.36487305
0.20378293419454618,0.2894231
0.20204462824265257,0.20147538
0.0663592373035686,0.10993007
0.16727603838694233,0.013560231
-0.06800143631435016,-0.075701125
-0.16866931532179283,-0.16660392
-0.4552213726229712,-0.2577847
-0.37058258055736426,-0.35734013
-0.3903600985870076,-0.45206723
-0.5458042681037327,-0.5379495
-0.6278921730983207,-0.6184759
-0.8118735967059763,-0.69260675
-0.8160419537887004,-0.7645853
-0.9146648626500231,-0.8290502
-0.873177637749952,-0.88668925
-1.0180473442042866,-0.93180996
-0.989128500805076,-0.9692542
-1.088571328803514,-0.9950795
-1.0970852493424672,-1.0127897
-1.0237126743980747,-1.021319
-0.9746006343333755,-1.0167543
-1.282848656057473,-0.9978861
-1.0461742927331628,-0.98074585
-0.9689978476701193,-0.9529306
-1.1239324266587845,-0.912917
-0.7762461984894139,-0.87077326
-0.7503064078465949,-0.8113644
-0.7081771855254627,-0.7391068
-0.558375226956268,-0.65735507
-0.6026879665154771,-0.5642237
-0.3616827252549764,-0.4685878
-0.3632307489334768,-0.36324534
-0.24549013907912878,-0.25592157
-0.08103613458012732,-0.14635448
-0.07379629753770436,-0.032561406
0.000518523234684987,0.07818258
0.019733453469703725,0.18424821
0.2298816147832346,0.28120434
0.37154881864479833,0.37642562
0.2745998101036621,0.470891
0.6813475763316273,0.5524275
0.5324776846709836,0.6409207
0.7343310958803784,0.7176688
0.6877084378309841,0.79126245
0.8734618791839938,0.8524801
0.7630942255913858,0.9092314
0.9300750196257642,0.9497545
0.9349942088710615,0.9832402
0.9824986192830047,1.006216
1.1362437217603771,1.019996
0.9619206396722131,1.0316736
0.908357567679812,1.02775
0.8577679409727602,1.0080417
0.8638009187016141,0.97284615
1.0475520818852544,0.9263264
0.9834473067290258,0.881708
0.7602380405551522,0.83432573
0.7803014435469058,0.77376217
0.6846865766331793,0.7071704
0.6137940950275376,0.63291574
0.7758861351129234,0.55229604
0.6018355203451689,0.47879627
0.1936717176342596,0.40365776
0.23984452504232256,0.3098999
0.18758802654254422,0.21071324
0.06821812243622932,0.10952181
-0.03356560769189904,0.0061478633
-0.05328637085234821,-0.098120116
-0.2937408207307028,-0.19789906
-0.45765634503060443,-0.30027866
-0.4790729472464686,-0.40582725
-0.3797092888297663,-0.50775087
-0.7200510918491827,-0.5954262
-0.694306483590602,-0.68228984
-0.7351611859255933,-0.76053923
-0.6404329498419606,-0.82799083
-0.8228878671200422,-0.87715167
-0.8823220226295531,-0.915951
-1.1023143448915818,-0.9451458
-1.1705513083001096,-0.9730381
-1.038589971817394,-0.99896336
-0.9267150274623126,-1.0135757
-0.8646722174806123,-1.0113558
-1.1238354787948912,-0.9911121
-0.8556017241428845,-0.9676549
-1.018845538306719,-0.92861825
-0.902795659680907,-0.8851389
-0.8266160395531934,-0.8331909
-0.7721205486725,-0.77216905
-0.641595270645437,-0.7031805
-0.7073026594431252,-0.624042
-0.6570602871498992,-0.5432706
-0.3801345866737885,-0.46186608
-0.3914096788770735,-0.36975178
-0.43507492155804617,-0.2746349
-0.2179146096565117,-0.1839594
-0.05870349419794932,-0.090038314
-0.021914196094437528,0.009036466
0.285194661884239,0.10801563
0.191748395454283,0.2172821
0.44056193934502985,0.321521
0.22679997091925352,0.42916507
0.3242239833044418,0.51943207
0.5206523515483765,0.5966112
0.5833277872884496,0.6683422
0.6203422794715037,0.7327458
0.7847751765907617,0.7877863
0.7969525346746749,0.8395392
0.9067359720513545,0.883338
0.7677270351512951,0.9223225
0.8946026308620778,0.9446588
0.7760844491605989,0.95859283
1.0268690503087472,0.95565945
1.014176286555967,0.9523867
1.1467567512311498,0.9443662
1.025907837181205,0.9381703
0.9431073543024355,0.9237913
0.9845610340777187,0.8979604
0.8352358111110264,0.86570096
1.0082876916137478,0.8201448
0.7326533961821212,0.77552795
0.5794726926344955,0.71671104
0.5773124639089041,0.6422334
0.5379713437112459,0.5594503
0.21257430279585066,0.4718041
0.33665815874996763,0.36743638
0.19486929634866304,0.26313627
0.41171506555133186,0.15609956
-0.13530844066254435,0.06380704
-0.1010054591072821,-0.04112807
0.033092872716380915,-0.14656551
-0.2807776881871961,-0.23980375
-0.4649771325112482,-0.33403003
-0.21356558323408556,-0.43147096
-0.662088277168017,-0.5124676
-0.580484721787409,-0.5971825
-0.7061824476157895,-0.67404747
-0.7951429583786421,-0.7450519
-0.7596299955360469,-0.80980873
-0.8028067740038697,-0.86254877
-0.8273358119736006,-0.90308785
-0.8110309197181323,-0.93093306
-1.052507299621225,-0.9445169
-1.167836076907635,-0.955167
-1.0524728579565699,-0.9658591
-0.8202786175871896,-0.9683085
-0.9925161678170459,-0.95153016
-0.9856528922513761,-0.9265411
-0.8634776922948798,-0.8941178
-0.8247142017520288,-0.8501082
-1.0347863360812182,-0.7959024
-0.664564490645243,-0.7448859
-0.7883958161222406,-0.67977273
-0.7506940325240685,-0.6120449
-0.5822297006654893,-0.54264003
-0.5714551745391494,-0.46638778
-0.5755979319730359,-0.38770336
-0.47154101826641165,-0.31079727
-0.2726797235119153,-0.23357143
-0.020655387643970378,-0.1499803
-0.039862118821088574,-0.05342476
-0.020274146059919115,0.046044167
0.1726638008772103,0.14302224
0.26518529963385334,0.24240796
0.41735852241907506,0.34163755
0.6559815122026154,0.44212735
0.6950724993824416,0.5490754
0.6668353205829443,0.6544213
0.8180993152858606,0.7490654
0.6870963363833307,0.8368824
0.8436994869105435,0.90423095
0.7941742303473371,0.9597188
0.9436117774013955,0.9970371
0.7333547716574222,1.0249017
1.081820443619518,1.0289234
1.0480038286294793,1.0330348
0.8817890351247508,1.0302074
0.9725570927840732,1.0107397
1.0917459634973978,0.98346364
0.8430856788520548,0.95534676
1.0025366945717598,0.9115776
0.8842129150053487,0.8663719
0.6462701784077455,0.81322503
0.8385860796303518,0.7430762
0.7808869122314304,0.6739502
0.47048688143478073,0.603696
0.6497849777015263,0.5189465
0.4363764885483727,0.43758917
0.3461401224626465,0.350338
0.08671005258833597,0.25863108
0.22334776420906796,0.15506542
-0.01779587198119797,0.055743493
-0.002426356816508475,-0.04784984
-0.09624206033811981,-0.14753884
-0.3172488691146311,-0.24320887
-0.34572091192807813,-0.340853
-0.5438956825381305,-0.43471926
-0.4822664842789163,-0.52903503
-0.6559897512288133,-0.613974
-0.8890255196546114,-0.69387907
-0.5872862162293989,-0.77449995
-0.9106971879390627,-0.83514935
-0.843161875023249,-0.89027387
-1.009296839673588,-0.93277776
-0.7264066921609094,-0.9686316
-0.9952900086621378,-0.9822048
-1.081200538828565,-0.9878596
-0.9554050326584838,-0.9886899
-0.9942634759355672,-0.977717
-0.9490550272153986,-0.9577304
-1.2455280147829995,-0.92758644
-0.821732455611684,-0.9026996
-0.8818228868637787,-0.8615012
-0.9624582228259811,-0.811021
-0.7501195623593987,-0.7580163
-0.7100852997816693,-0.6942097
-0.6051949117109705,-0.6223274
-0.6748816804400359,-0.54176843
-0.45952212730612346,-0.46129602
-0.2752669508604712,-0.37353256
-0.28199188716869017,-0.2753144
-0.2545233027396274,-0.17459945
-0.07183312576884851,-0.07572666
-0.05370558654883121,0.02583453
0.07978449858839415,0.12414273
0.09185090905067006,0.22124717
0.5366343665778887,0.3116645
0.40014151551397803,0.4150777
0.568232164653867,0.51208335
0.4418011605327058,0.6073208
0.5449429204457071,0.6863688
0.5312487507456263,0.75340897
0.8971815500311701,0.8043628
0.8454432185161866,0.858692
1.0464930043567409,0.90514106
0.9777007532949404,0.9521962
0.9943829310569369,0.9893022
1.0729741062626914,1.015512
0.8952555890366518,1.0337399
1.2048748804511842,1.0320586
0.9847935135911239,1.0312043
1.0570355781443317,1.0145313
0.9150617299615054,0.98984724
0.9157098445983743,0.95005846
0.6567637567524702,0.90005904
0.8025373472152569,0.8292413
1.0316202733395479,0.7542183
0.7389250731090927,0.6899563
0.5445302118428289,0.61872685
0.40317626437437243,0.53585935
0.278497629822338,0.44110563
0.2374659501051554,0.3358622
0.408186407828525,0.22603732
0.14067865637985058,0.12699038
0.31423247011351146,0.026743056
-0.0698708668166918,-0.05965408
-0.055516498436672654,-0.15062198
-0.2031145533534106,-0.2380843
-0.19412697895669526,-0.32478842
-0.4755227850357833,-0.40461546
-0.44046669612339157,-0.48747495
-0.5844739207897216,-0.56451374
-0.70863954122977,-0.6383726
-0.8048633635401166,-0.70965654
-0.9794325242961772,-0.7775586
-1.024003591864422,-0.84496385
-0.9585831163742872,-0.90807176
-0.8979611564358576,-0.9591706
-0.901565821600244,-0.99324733
-1.0325353189835569,-1.0103335
-1.158191132289776,-1.0170743
-1.0689356216102839,-1.0189327
-1.121485121271462,-1.0105273
-0.8499543216129075,-0.9948457
-0.8951295628169599,-0.9599285
-0.6453682269116151,-0.91205406
-0.8365910784253203,-0.84323007
-0.8737761722475899,-0.76924384
-0.7658919537524437,-0.6952508
-0.6827000824981111,-0.61848867
-0.6500510747319561,-0.53838205
-0.5765703345013455,-0.45726463
-0.31429321287043593,-0.3751004
-0.44525533027657105,-0.28275007
-0.43416272454944,-0.19414626
0.008027248009045381,-0.11191946
-0.09667881883484288,-0.016157182
0.06321782289925877,0.07794747
0.20036887117481147,0.1740756
0.45434110790454413,0.272597
0.5773227728419539,0.37975684
0.43635716495337507,0.49202064
0.6208730170698181,0.59216785
0.7759801946525889,0.6868665
0.6300389006738684,0.7778588
0.674605322604966,0.85001206
0.7115101077227269,0.9050941
0.8837377549496167,0.94380355
0.8657615881512801,0.97508067
0.8775690815995927,0.9944212
1.064839870496999,1.0020493
0.8233176371262557,1.0080569
1.1151933120061022,0.99540794
1.017738761076267,0.98449
0.7999462683354829,0.9658043
0.814664796441465,0.9285354
0.9821456490262696,0.87945646
0.8529817037131948,0.8312423
0.7668256238552256,0.77631515
0.7799693228041168,0.71359503
0.7143846081430231,0.64797056
0.6147671805723035,0.5786901
0.3896818658133785,0.5041678
0.5325112612363577,0.41734302
0.25776059291759135,0.3334533
0.16461476226601296,0.24083568
0.07354836523598397,0.14229837
-0.016770540733462815,0.040081546
0.1380089748832009,-0.06376883
-0.12387685254848736,-0.15511338
-0.32911457375159325,-0.24524899
-0.25220998204117656,-0.33847573
-0.37271702228020637,-0.42395934
-0.558783709635934,-0.5038313
-0.6792878296626352,-0.5825293
-0.6188192834350408,-0.6599749
-0.8081886871470982,-0.7275019
-0.920501751368382,-0.79077214
-0.9258542656210225,-0.8503073
-0.9880927267151891,-0.90174884
-1.0181811310269497,-0.94481564
-0.7673411825722767,-0.9781919
-0.9804122010406652,-0.98866624
-1.073169133012192,-0.9884757
-1.0755855519369295,-0.98196995
-0.901534878000588,-0.96888524
-1.0335272357892948,-0.9412952
-0.9672774748617275,-0.9080483
-1.028031268128579,-0.8671114
-0.8153111491707465,-0.82335794
-0.7722227664985508,-0.76802915
-0.5757493477807636,-0.70320874
-0.7058569581130287,-0.6237124
-0.4020303005280156,-0.54237735
-0.3848944848621088,-0.44787595
-0.3401478554493465,-0.3470865
-0.43203090711468684,-0.2439319
-0.2766380885957767,-0.14886053
0.07845599761243889,-0.05658704
-0.06332712528436199,0.04665256
-0.06276435184045429,0.14396206
0.2640464738209819,0.23159
0.5282926917019662,0.3237925
0.4108824559876852,0.42646173
0.37731792270560743,0.52265453
0.5273343152369947,0.6058176
0.6631456625690818,0.68127656
0.6201687063566708,0.7516126
0.8520222590820492,0.80909604
0.9455452470063226,0.8646267
0.8615579999927857,0.91707116
1.1065137206899356,0.95657426
0.8836393111475049,0.9956171
0.9500386420547475,1.0156674
1.1178197837933581,1.0228308
0.991548567263715,1.0262249
1.0321514120015791,1.0160836
0.8898322545000439,0.997002
0.8742642424113435,0.9618695
1.0178189438301668,0.9145372
0.8309202783788264,0.8665327
0.8030155763439026,0.8077354
0.8452439421672175,0.74177295
0.5954674691734271,0.6747523
0.5175630276994654,0.5956392
0.46964057258756414,0.5075092
0.28067733343071305,0.41417697
0.2603682175899561,0.31144825
0.2125949701430546,0.20618717
0.15630515189861618,0.10182956
0.1026409208621586,0.0006606678
-0.16828941233583808,-0.095322534
-0.25396867498514536,-0.19540085
-0.24126108818957498,-0.29627705
-0.45765906254060806,-0.3907796
-0.5204106050845169,-0.48487413
-0.5204642733140485,-0.5749283
-0.49821213210051835,-0.655513
-0.9100150269677649,-0.72182167
-0.5498919621995156,-0.79105765
-0.7569823510913154,-0.83971286
-0.7672615892427677,-0.8776999
-0.5450458003577258,-0.90355086
-0.9650230114254612,-0.9062642
-0.9501508283298831,-0.9083341
-0.9528485205059214,-0.906615
-1.0103213592860336,-0.89984846
-0.9513728205316283,-0.8899276
-1.0799659205650716,-0.8730862
-0.8996558739369398,-0.8556216
-0.7940614168424354,-0.8281065
-0.8476171206706395,-0.78760535
-0.7900433048739411,-0.74006563
-0.6303410553410862,-0.68532014
-0.5353364075470974,-0.61889404
-0.638170980854626,-0.5413323
-0.5207886746095897,-0.46340823
-0.43160063716742914,-0.3824949
-0.4254357520789899,-0.29860127
-0.3222214857315992,-0.21613812
-0.1411643355222427,-0.13356642
0.06475363007730865,-0.046106786
0.05810029649727057,0.050599832
0.14641407541863286,0.14786378
0.33476800542435664,0.24439755
0.2598465650036315,0.34406713
0.5076208023787216,0.43483597
0.4874235722455645,0.52649987
0.6225587269502544,0.6100244
0.6270719104671202,0.68874824
0.8000876804630701,0.75717247
0.5748163651080321,0.82156
0.7460981590431136,0.86375606
0.841245877988728,0.8954776
0.9448718519489396,0.91958684
0.7421754071598401,0.93947667
1.108004660087028,0.94074595
1.0708078716050808,0.9470271
0.9520500145585861,0.94990206
1.0516637022006652,0.9412819
0.8560784217364705,0.92841
0.9450957210936969,0.899489
1.028088821771561,0.8641281
0.9011279080723754,0.8279553
0.746490322510315,0.7838737
0.937731088680022,0.72697014
0.8035662789991502,0.67309844
0.6242291078920275,0.6148331
0.5092237033060725,0.54630965
0.5538954296512613,0.46755335
0.193321974375229,0.3873704
0.3367725684088037,0.29080996
0.023819288985383182,0.19540372
-0.09145084369232247,0.08916801
0.020736122230945613,-0.024399398
-0.12469909783456473,-0.13137716
-0.3407192851654259,-0.23489065
-0.4555658195930206,-0.3399646
-0.5005514419779703,-0.44483864
-0.6433603297935941,-0.54484445
-0.6532533934824992,-0.6409884
-0.7170399038060952,-0.727774
-0.9971371561356223,-0.80389297
-0.7002435437786811,-0.8785287
-0.7644980028319752,-0.93226755
-0.901089950173979,-0.96790296
-0.9576007092048145,-0.9916512
-0.8257300245494378,-1.0052185
-0.9851077532681616,-1.0018731
-1.0719724777322588,-0.9906393
-1.0072163967665795,-0.97544634
-1.0597910501644674,-0.9527242
-0.8911747985308136,-0.92557484
-0.9249732878083347,-0.8865182
-0.8522901296575215,-0.83992684
-0.9581703864281828,-0.78470844
-0.6335918726840913,-0.7290895
-0.7608793431380281,-0.65904987
-0.6171738321700071,-0.586646
-0.5161487660663195,-0.507921
-0.29956647773152684,-0.42275485
-0.5172501163931207,-0.32572502
-0.4574162168216461,-0.23555097
-0.09803644751088168,-0.15149838
-0.1159339356279409,-0.058153648
0.03199405813239708,0.035374973
0.1388600477891759,0.13157564
0.15131824746985387,0.22926502
0.24036980745466868,0.32226405
0.3777852867001841,0.41041636
0.517490747671734,0.4959276
0.6171196940201414,0.5803593
0.5635180254915285,0.6623941
0.7180492598464225,0.7327938
0.8114836538323008,0.79734576
0.8760973792678809,0.8560445
1.1230940278953179,0.9077272
1.0253807656123852,0.9622423
0.9927774307210185,1.0061572
0.8811159428329827,1.0357603
0.9749469650936774,1.0444462
1.1019439374264801,1.0403718
1.028386547990188,1.0309962
0.8756114179489166,1.0108801
1.0350255553780079,0.97353595
0.8421950856060522,0.93277746
0.6861327098442369,0.87825304
0.8811426209920644,0.8071308
0.5296623812988481,0.7370311
0.6675134789161411,0.650075
0.5305634256987979,0.5628349
0.4227988063885243,0.4708413
0.36764167287472194,0.3741304
0.3452434403993896,0.27567038
0.2526318857643822,0.17952491
0.1293695956889062,0.08514391
-0.10975471435512295,-0.009095709
-0.07378428461904576,-0.109824516
-0.122594656860426,-0.20728292
-0.2233475949516625,-0.29898912
-0.6447984733142467,-0.38550544
-0.6870909428134226,-0.48259875
-0.665333292594102,-0.58237034
-0.82525944285338,-0.6761478
-0.7906628849777135,-0.7659045
-0.5484823995517746,-0.8440966
-0.8672849710286651,-0.89613855
-0.9508243781708192,-0.93798906
-0.9351362092076481,-0.97119725
-1.082473278096778,-0.99301106
-0.9476364881934222,-1.0091952
-0.9895446724099097,-1.0116566
-0.8163943530475009,-1.0029904
-1.0999431274685365,-0.9760003
-0.8146447017547972,-0.94710773
-0.7916002410317896,-0.9029863
-0.975629303934921,-0.846494
-0.857121235106317,-0.79010564
-0.820308668702555,-0.729361
-0.8583833538216646,-0.6651636
-0.6927572339109157,-0.60203415
-0.6052197714031886,-0.533675
-0.5854866038206699,-0.45976123
-0.5051387174738824,-0.38372067
-0.41119592255638215,-0.30536667
-0.2553475673002246,-0.22434868
-0.21015609057623602,-0.13758692
0.04388722493031261,-0.049056888
0.05218259910377633,0.049007304
0.15820936419012605,0.14829549
0.26086487464504166,0.24813794
0.4938611515738996,0.34721047
0.5349698502527201,0.45138988
0.37219436786984184,0.5535434
0.6568758360145722,0.63785976
0.6463305546671064,0.7188473
0.8525774270216814,0.7888016
0.8987984281138856,0.8560535
0.9383906400464699,0.9165326
0.7385635118195901,0.96800536
0.9025289063518142,0.9958976
0.942190074249035,1.0124741
0.7690184755038456,1.0183222
0.9625629604692408,1.0034485
0.9759703955636808,0.9831876
1.0342125708194327,0.9571905
1.096029441306486,0.9289423
1.1443023646855934,0.90119743
1.0729190678166938,0.8753756
0.9365995772058507,0.8459487
0.7548208531756115,0.80657244
0.5602444685660785,0.7511419
0.6272704444472087,0.6758965
0.5622448241680196,0.5932639
0.6100786720767691,0.5046853
0.21942698617930295,0.41813055
0.013931301774620713,0.3163002
0.292891552984844,0.19882327
0.10657932714667155,0.090479426
0.07849327954448766,-0.015866557
-0.21029942793611023,-0.11599195
-0.15067364043978315,-0.2202147
-0.3109357495121298,-0.3177809
-0.4959490613532398,-0.41223878
-0.6859137348005038,-0.5068769
-0.6843388889591739,-0.60392123
-0.5541112968895607,-0.6955439
-0.6592460527757258,-0.7703306
-0.8172266544716349,-0.83131593
-0.8342014297742615,-0.883618
-0.8117968823208179,-0.92499995
-0.9509490376270073,-0.9524356
-1.0094375393115143,-0.9717331
-1.0641142802885368,-0.9839264
-1.0303366538421541,-0.99014354
-1.0352403028844785,-0.98739636
-0.9135555014944948,-0.97579765
-0.9161372497601907,-0.9502465
-0.9148554070087082,-0.9132723
-0.8305859545111147,-0.8673867
-0.7206162630294877,-0.8112808
-0.7912133381270084,-0.74338025
-0.6697655005791265,-0.6718272
-0.6134001691595895,-0.5939228
-0.8922737902805241,-0.51139593
-0.39337211966541985,-0.44227472
-0.3846159420796668,-0.36107194
-0.3678054738059116,-0.27464855
-0.09067834736637095,-0.18741214
-0.24554946106836126,-0.08982659
-0.08209041631901962,0.0016771615
0.19676751693599162,0.092452295
0.27892525199995816,0.19153589
0.24421260173234108,0.29428643
0.5609295422532543,0.39105895
0.37298885422471767,0.49421343
0.46957930611012194,0.5833063
0.8058602326253362,0.66156715
0.6124401028360561,0.7435622
0.8268539729378133,0.8092796
0.9105957172468493,0.8699015
1.0640358389467703,0.92442465
1.0058368043099142,0.9768626
0.8867719894954981,1.0179056
0.9884898892709616,1.0392745
0.9995522472890591,1.0485351
1.071849512981825,1.0456597
0.8480883889744905,1.0352786
0.864879066356254,1.0046496
0.9239169107494026,0.9605927
1.0081125465076504,0.90985173
0.8813575689134829,0.85894793
0.9682711696877477,0.80129
0.6437474597006257,0.7452097
0.5252377649944211,0.6738027
0.5490080364999371,0.5887517
0.38542708894794564,0.49863094
0.33936161939640747,0.39983228
0.27649554282885874,0.29731888
0.27802437024535026,0.19368345
0.07991241968130278,0.09453543
0.16762874243215614,-0.0063432925
-0.10105420680144564,-0.098130465
-0.26751809017722744,-0.19163024
-0.40643669542126076,-0.28849116
-0.3229764827625554,-0.38830847
-0.40852966809980185,-0.47960764
-0.48391036748141336,-0.56249434
-0.5785415222988254,-0.63656497
-0.5886466590959156,-0.70268035
-0.6240146082771234,-0.7576901
-0.6760337816721224,-0.8009139
-0.9555624034549581,-0.83314335
-0.9052192821137395,-0.86595815
-0.9889336485984113,-0.8926654
-0.9290007767156767,-0.91475
-0.955595927765583,-0.9269664
-1.0574199700995148,-0.9298459
-1.0321085217342003,-0.9277867
-1.0337422522384847,-0.91864944
-1.0387476414409234,-0.90249956
-0.8115533882137718,-0.879986
-0.694279115311291,-0.8413921
-0.8986758369165111,-0.7852973
-0.8249686672738662,-0.72679454
-0.6637648741306682,-0.66445553
-0.6404942945863619,-0.5934171
-0.5400707109844336,-0.5173114
-0.3915378959360465,-0.43541816
-0.3734290544704605,-0.34535724
-0.14672267610508943,-0.25259855
0.058487149191770726,-0.15079896
-0.11889327649077053,-0.037309695
-0.002287492060189004,0.06903904
0.2892438460336204,0.17058903
0.29576382089076775,0.27757683
0.15825062871685247,0.38126332
0.43873138407202306,0.46831203
0.5022060322983973,0.552722
0.49603616047186766,0.6310961
0.6148566006029808,0.69835407
0.652782877606697,0.7582499
0.724808830805808,0.80872566
0.894490791681853,0.85089296
0.8515090537120104,0.89112806
0.8206225103177488,0.92188126
0.9898003230744553,0.93985873
0.8896102156397617,0.9543447
0.8062828075940476,0.9562631
1.0152881443819595,0.94230837
0.7355329708264485,0.9269291
0.786538220649078,0.89251906
1.0324753857099995,0.8480444
0.9347498481999551,0.8095682
0.8587331646819747,0.76891845
0.9305289652550456,0.7233963
0.8836929592305601,0.6792707
0.7024265388180801,0.6341085
0.4899495565456591,0.57980716
0.5740176108073709,0.5100806
0.21948971758882768,0.4370817
0.5177941345344992,0.3458946
0.19572521139744334,0.26233405
0.2547035855112807,0.1707194
-0.06333387913574623,0.081783555
-0.08681827604716494,-0.016799161
-0.11645673867240684,-0.11740006
-0.11020489095192042,-0.21518075
-0.37931813378353113,-0.30464923
-0.39457853123828784,-0.39544946
-0.5869556915224562,-0.48153433
-0.666618003764579,-0.5673281
-0.7327308412478608,-0.6502468
-0.6181517172124177,-0.7278386
-0.7705455219490054,-0.7898624
-0.7887482479522807,-0.8418737
-1.0433207621832614,-0.8820614
-0.9399556952286154,-0.9205291
-0.9506221389182465,-0.94853044
-1.0143557742336775,-0.9652124
-0.989713743596322,-0.97290057
-1.0285523645150119,-0.9698702
-0.7864507994530758,-0.958262
-0.8048111153031183,-0.92745936
-1.0435784331365014,-0.8824329
-0.9226809186095399,-0.83796597
-0.8104725967918232,-0.7886799
-0.8374053983935525,-0.73137826
-0.6449725646786965,-0.6706627
-0.5861007046386969,-0.59982365
-0.6227167940748707,-0.52106136
-0.4760250211920873,-0.44116637
-0.4119117264853508,-0.3564396
-0.24028018872311974,-0.2689429
-0.14223321524748145,-0.17493801
-0.14261983544851753,-0.0760922
0.03628261909587762,0.020851595
0.004572824703795724,0.12024239
0.21063244774479398,0.21341735
0.33104665716576337,0.30726987
0.49692327720598195,0.40125918
0.5539384483163171,0.49756995
0.5362602733772146,0.59125197
0.6019497180178379,0.67485505
0.8010092778243455,0.74812514
0.6800095175266629,0.8181687
0.8256838163239562,0.87185514
0.9887123811340918,0.9168438
0.7625558250207951,0.9585137
0.9727842026953212,0.97927576
0.9459866647504183,0.9938551
0.9628811054061037,0.99755514
0.8445016363773313,0.99154085
0.9141079158500512,0.96958166
0.9317581136202885,0.9390655
1.1094465755498173,0.9021224
0.7580629748703976,0.8697826
0.76574194769127,0.8204265
0.6499453433889858,0.761505
0.6933594844558755,0.6907176
0.6412126814860727,0.6163419
0.6655913756490761,0.5388476
0.6379511659448343,0.4635659
0.42375918598465767,0.3912275
0.339182585499735,0.3130546
0.14545146098885178,0.23044315
0.11950340174932858,0.13891424
-0.11501002792742175,0.0447622
-0.12531796326906444,-0.05803157
-0.25168435081475693,-0.16145083
-0.1813514057624594,-0.26552573
-0.32670804652977814,-0.36013466
-0.46611951439076216,-0.44882795
-0.5273242368504643,-0.53361505
-0.6809230746848284,-0.61216974
-0.6442177379170809,-0.68738335
-0.7411633392845657,-0.75229234
-0.7820865036314284,-0.80851376
-1.0232117305412554,-0.8547735
-1.174128150562816,-0.89980906
-0.9142666318456301,-0.9458854
-0.9112904097841318,-0.97610694
-1.1955408657094502,-0.9901595
-0.9701224838284448,-1.0014925
-1.152776212847554,-0.99770653
-0.8138971280097326,-0.9886156
-0.8227853489912437,-0.95835596
-1.0834469966611004,-0.911818
-0.929617832414984,-0.8653333
-0.8601119695722576,-0.8122724
-0.6030111636068977,-0.7520878
-0.7597040398364178,-0.6758803
-0.5815523802270751,-0.59769315
-0.4033065429644664,-0.5120852
-0.5229712488764033,-0.41577926
-0.5244945324268931,-0.32181647
-0.11733759459872878,-0.23387478
-0.06614986806425259,-0.13410895
0.06111026920194677,-0.02884771
-0.04379876458374952,0.08141242
0.26674625769837207,0.18318418
0.22751069241302999,0.28931513
0.2997932979193568,0.38876525
0.29863686327014266,0.48073402
0.500932230888297,0.5603041
0.7259468261607882,0.63576925
0.6030463674490654,0.7135688
0.589644291764782,0.7789018
0.7058118147854219,0.82907546
0.9648377770500464,0.8692699
0.9078327072192844,0.9111682
0.9119735107836249,0.9447613
0.8874514199220735,0.9682566
0.9590286221735792,0.97887516
0.8188977706144662,0.9808824
1.068859242228358,0.9656994
0.8861269521666013,0.950765
0.8746508024539418,0.9228485
0.8801019342599792,0.8850461
1.0698289812791755,0.8401885
0.8468493910763712,0.8007704
0.7407777139180701,0.7525558
0.8557355121218002,0.6941712
0.6703344399877819,0.6365299
0.6227196983415889,0.57072914
0.4282879410836909,0.4995499
0.6710598053192431,0.41718474
0.17208906697878099,0.3435707
0.26960608576418693,0.25289512
0.0676457041240365,0.16076994
0.042171889336360235,0.06162698
0.012956606201963091,-0.038133107
-0.28229269245203764,-0.13426806
-0.12606886203781426,-0.23674238
-0.24939314482613756,-0.32947543
-0.42785515654321005,-0.4153884
-0.5680100087524276,-0.49883798
-0.7589434227804098,-0.58103657
-0.6924858659628057,-0.66509736
-0.7862589517492996,-0.74093384
-0.8309804235345987,-0.80890256
-0.8128104988419157,-0.86703837
-0.9521200466186022,-0.91153663
-1.1002363980115795,-0.9474151
-0.9763941780027532,-0.9790333
-0.9153177881642492,-0.9977908
-0.9294653743179344,-1.0005174
-1.052802663332042,-0.9891822
-1.0172330832431875,-0.9710775
-0.945539471603164,-0.94487715
-0.9910429493840444,-0.908476
-0.7979396096409289,-0.866215
-0.6773211004807091,-0.8108504
-0.7343255792335206,-0.74098134
-0.44037796679908575,-0.6648553
-0.6528613922715522,-0.572365
-0.43249292388029725,-0.4817713
-0.6043248658008961,-0.38518316
-0.3449940823377514,-0.2973153
-0.20871953642490543,-0.20669699
-0.08397265094389587,-0.1120515
-0.04806423927926482,-0.013054483
-0.059768541841070805,0.08535248
0.07634343128788368,0.17692679
0.3696956485364631,0.2650469
0.4496133813789702,0.36019745
0.40369006880771824,0.45757443
0.41172830662203547,0.5470588
0.6941266680596457,0.6247522
0.6132390189721255,0.7030497
0.678535703052003,0.7696264
0.8345936666305606,0.82565576
0.9942999917958393,0.87670773
0.925164743249855,0.9267541
1.120986032830916,0.965935
0.902506817699347,1.0034326
1.0165858970235797,1.0216361
0.9748938643355944,1.0294415
0.9834156451978718,1.0235311
1.1316265372016698,1.0060078
0.8686338777018652,0.98653233
0.9756783563886109,0.9489768
0.9796152437378024,0.9052464
0.7107325278312037,0.85690266
0.726876163774849,0.7912645
0.6867622612961095,0.71695906
0.5463056038927292,0.636435
0.4150612030927853,0.54706347
0.46903594786324204,0.44832644
0.5172774736714055,0.35032192
0.3617922351341551,0.25945863
0.24134224529008497,0.16992834
0.17639102674236365,0.080118634
0.09236134619082169,-0.008224756
-0.22459606331853824,-0.09463661
-0.19971179191199032,-0.19025949
-0.29273443617184697,-0.28506494
-0.1797668110690925,-0.37792146
-0.49943880378446825,-0.45761368
-0.3889717033447249,-0.5373862
-0.6824097616492569,-0.60570437
-0.7298978164218748,-0.6740563
-0.7518058308540083,-0.73875624
-0.7677829296777143,-0.796163
-0.8725733307984783,-0.8435218
-1.0062457376621898,-0.88322103
-0.8122910380761718,-0.9187082
-1.1099912946557866,-0.9378638
-1.203773491646722,-0.9548235
-0.9217142486229112,-0.9709612
-0.9477847123183418,-0.97054166
-0.8360875055833866,-0.9564547
-1.048455429110103,-0.9253354
-1.0636746325090918,-0.8905631
-0.9246226133445175,-0.85355014
-0.7322916780788544,-0.808454
-0.6423408657095849,-0.74892277
-0.6170408699590739,-0.6756847
-0.5743765618830831,-0.5933074
-0.3479440062530022,-0.5050355
-0.4209504712403606,-0.4048321
-0.14442430183620728,-0.30405802
-0.3672803898599078,-0.19348626
-0.1655079239672382,-0.09310543
0.027942460806834393,0.0053304355
0.08022088065115347,0.10643797
0.0785013886064915,0.20595053
0.4839044154578965,0.29798755
0.44462891389503645,0.40031445
0.4738953482529939,0.49987116
0.6874387809473502,0.5922131
0.6416436375945452,0.68394923
0.7716802059168446,0.76463044
0.7470545423517504,0.8379463
0.8622321724732666,0.8972517
0.9698779420610392,0.9470102
1.055518238792186,0.98955864
1.0632503771316972,1.0258803
1.071797321535794,1.0526586
1.1872347606537306,1.0684993
0.796389743434135,1.0789418
1.133122977010121,1.0596973
1.047483719228559,1.0380428
0.9816265959596147,1.0065681
1.00523540843521,0.964023
0.7485891480999317,0.91509587
0.7894096599204953,0.84805053
0.5813887734796642,0.7729516
0.759599442751249,0.6829695
0.632496645983217,0.5957547
0.47156429821811907,0.50636107
0.3973058025162248,0.41102123
0.3902464018349318,0.31219605
0.27638092334561654,0.21522643
0.1012642742740193,0.1184787
-0.02921073131960415,0.01821727
0.09266744090881324,-0.08532277
-0.02721114167678805,-0.17912284
-0.22526108171406353,-0.26630566
-0.33569976218575087,-0.35265687
-0.47683731164839055,-0.43767658
-0.5729032166489858,-0.5225329
-0.6479193045673569,-0.60553837
-0.8465003239441746,-0.68436044
-0.8055398407548734,-0.7630298
-0.634278091092094,-0.8331961
-0.7547724851895267,-0.88310474
-1.0178977747007025,-0.91819656
-0.7528661407421307,-0.9498571
-0.9637478474149109,-0.96270466
-0.9621020628645497,-0.96771735
-0.9211508871746611,-0.9640056
-1.2210547528307636,-0.94958735
-0.8863185150062682,-0.9391466
-0.8483388422532943,-0.9147005
-0.8333587247994787,-0.8769741
-0.8818147906149199,-0.82831526
-0.8823059815376151,-0.7742684
-0.7962053300358024,-0.7172449
-0.7737867641557394,-0.65530026
-0.7162262190425619,-0.59040904
-0.7628550489351339,-0.52267593
-0.5391823344418364,-0.45756522
-0.4849756449540746,-0.38595656
-0.019104301299417554,-0.3101303
-0.3141826926340927,-0.21118051
-0.05757287826610335,-0.11576221
0.04718595685817993,-0.014111465
0.3375271741474276,0.091313265
0.18560864052980078,0.20848931
0.397568619084955,0.31828123
0.2731654973525754,0.42761424
0.4273753418604179,0.5216439
0.3755398094331586,0.6066418
0.6814158980274172,0.67495185
0.6617953144797313,0.7423711
0.8204975001342013,0.8007095
0.8035113335154799,0.85576546
0.8565558257910388,0.9010677
0.7585892353182214,0.9371264
0.8719644006342971,0.9560153
0.9890100570573002,0.96527904
0.9845801901271996,0.9702549
1.0730820350989387,0.968183
1.0497728724178617,0.9633255
0.9161258944847492,0.95236063
1.0392701527650199,0.9278106
0.9968167941174061,0.899825
0.8937771584220034,0.8656291
0.8665704719288203,0.8214332
0.8417563176211124,0.7694494
0.4885171425911354,0.71164393
0.5654668152518331,0.6324847
0.4587092256983238,0.54627836
0.2933816118038367,0.45239273
0.404826546077787,0.34867877
0.31396694135763187,0.24880445
0.1168049907640748,0.1514672
-0.060793573732290905,0.05103354
-0.06632976433987607,-0.054854874
-0.17512847348100857,-0.15880853
-0.256853421439192,-0.26074868
-0.4282326747282758,-0.35884202
-0.4114247618185085,-0.45602092
-0.43982009180580084,-0.5450476
-0.5851062971083425,-0.62306845
-0.6868438245835263,-0.693734
-0.7735894496458969,-0.75785214
-0.8241033742246466,-0.81553394
-0.7577623636402365,-0.86523443
-1.029960533358479,-0.90092874
-0.9975282521441798,-0.9341537
-0.8504644472054984,-0.95973647
-1.0097138089661888,-0.96913934
-1.0796443510282527,-0.9704472
-1.083135620542418,-0.96632487
-0.9412501357424488,-0.9561352
-0.8776187858239805,-0.9331845
-1.0682287174912757,-0.89665806
-1.0060408847064943,-0.85844254
-0.9871240489041779,-0.81612796
-0.7797083653483516,-0.77029955
-0.7253664195958504,-0.7128477
-0.5430348574379728,-0.6455849
-0.5670721085317219,-0.56433946
-0.5381410647243238,-0.4769433
-0.24741871411691896,-0.38719466
-0.18724703871847823,-0.28524643
-0.17101186414196584,-0.17646949
-0.004940872849479626,-0.06733997
-0.15424307043767546,0.044726465
-0.014251549397358525,0.14438151
0.22676493631640232,0.2366872
-0.006331047587384652,0.3301077
0.412044623861164,0.40490094
0.5243356279942805,0.484143
0.6597371227148909,0.5652202
0.5648622160616613,0.6485414
0.7650143072640854,0.72109157
0.8547986169513186,0.7910258
0.8813909182213435,0.8566745
1.1158149568995095,0.91405195
1.0322788744728713,0.9723965
0.8481855658357598,1.019399
0.9047312963908305,1.0429118
1.0053256316855395,1.0492985
0.9427687150112664,1.0452187
1.0269408725651845,1.0270398
1.0823035459981,1.0018942
0.8632383327291426,0.97301316
0.9668115137377231,0.92832273
0.8451163374555676,0.87905526
0.7734886559516841,0.8198111
0.964990521151483,0.7513902
0.6411817503761679,0.68871194
0.7198822720731323,0.61391246
0.4514325660430581,0.5384995
0.5537602734057662,0.45106322
0.41517912389070616,0.36485955
0.2487216465207111,0.27582437
0.29274888774805846,0.18082866
0.08033365372717582,0.08892877
-0.08010375699481598,-0.0067806854
-0.17787248718191367,-0.10757153
-0.17448635269653728,-0.21080752
-0.39669675712057395,-0.3093404
-0.3304968824428367,-0.40906283
-0.6106179556466002,-0.4996344
-0.6089537733361198,-0.5905891
-0.795368904670317,-0.6748957
-0.6352126833747226,-0.75651485
-0.9455226177047485,-0.8221925
-1.0471702345544427,-0.8844432
-0.8435291726908508,-0.94285583
-0.8474838504413613,-0.9836571
-0.996877987355268,-1.0066462
-0.9450799604352085,-1.0191128
-1.0010813586450833,-1.0180981
-0.9151686285270446,-1.0069838
-0.8545441537017129,-0.9825352
-0.8541876373881303,-0.9441062
-0.934944484692965,-0.8948108
